Category,Tags,Year_Date,Title_or_Citation,Venue_Channel,Details,Status,Source_URL,DOI_or_Link,Link_Type,Notes
Book (authored),AI Security & Adversarial ML,2026,"Adversarial AI Threat Response and Secure Model Design: Practical Techniques for Detecting, Preventing, and Managing AI Vulnerabilities",Apress/Springer,,verified,[UCB],,none,"✅ indexed, chapter-level records live (see §7)"
Book (authored),Cognitive Science & Interactivism; AI Ethics & Society,2026,Hosted Cognition: How AI Platforms Are Privatizing the Conditions of Human Judgment,—,,forthcoming,[CV],,none,🔜
Book (authored),Data Science & Learning Analytics,2026,Introduction to Data Science: A Structured Methodology,"Excelsior University Press (Open Access, CC BY-NC-SA 4.0; live on Excelsior's Pressbooks at express.excelsior.edu/datascience)",,verified,[UCB] [WEB],,none,"✅ web-confirmed live — single-author, 8-part textbook; year per author"
Book (authored),AI in Education & Assessment; AI Security & Adversarial ML,2025,Assessment Under Adversarial Pressure: Why AI Broke the Evidence Model in Higher Education,—,,self-reported,[CV],,none,📋
Book (authored),Healthcare Data & AI; Data Science & Learning Analytics,2025,Principles of Healthcare Data Analytics: A Conceptual and Practical Approach,Cognella,,self-reported,[CV],,none,📋 (2025/2026 edition date to normalize)
Book (authored),Cognitive Science & Interactivism,2025,Mind Meets Machine: The Evolution of Learning from Ancient Wisdom to AI,Amazon (ISBN 979-8266284319),,self-reported,[CV],,none,📋
Book (authored),AI in Education & Assessment,2024,Nurturing Bloom's Garden: How AI Transforms the Educational Landscape,Amazon,,self-reported,[CV],,none,📋
Book (authored),Prompt Engineering & Human-Centered AI; AI in Education & Assessment,2024,Prompt Engineering for Instructors: Revolutionizing Education with AI,Cognella,,self-reported,[CV],,none,📋
Book (authored),Prompt Engineering & Human-Centered AI; AI in Education & Assessment,2024,AI Unleashed: A College Student's Guide to Navigating and Mastering Generative AI,Amazon,,self-reported,[CV],,none,📋
Book (authored),Prompt Engineering & Human-Centered AI,2023,A More Beautiful Prompt: The Art of Human-Centered Prompt Engineering,beautifulprompt.expert,,self-reported,[CV],,none,📋
Book (authored),Cognitive Science & Interactivism,2007,An Imitation-Based Approach to Modeling Homogenous Agents Societies,IGI Global,,verified,[UCB] [IGI],https://doi.org/10.4018/978-1-59140-841-2,doi,"✅ authored monograph, 17 chapters (see §1a); ISBN 9781591408413 (hc) / 9781591408390 (pbk); DOI stem 10.4018/978-1-59140-841-2"
Book (authored),Creative & Trade Writing,2025,"Recommended Action (novel, with Alan Schukart; English and Macedonian, Препорачана акција)",KDP/Amazon,,self-reported,[CV],,none,📋
Book (authored),Creative & Trade Writing,2023,The Art of Living Large (four-volume personal essay series),KDP/Amazon,,self-reported,[CV],,none,📋
Book (authored),Multi-Agent Systems & Emergence; Cognitive Science & Interactivism,2003,"Doctoral dissertation: Representation of environments in multiagent systems. SS Cyril and Methodius University, Skopje. Cited by 7 (GS).","✅ — the dissertation itself, now citable",,,[GS],,none,
Book (authored),Fuzzy Systems,1997,"M.Sc. thesis: Fuzzy relations and fuzzy lattices. SS Cyril and Methodius University, Skopje (in Macedonian).","✅ — origin of the fuzzy-lattices publication line (1998 NAFIPS, 1999 LNCS, 2001 Fuzzy Sets & Systems)",,,[WEB],,none,
Book (trade/self-published),Creative & Trade Writing,2025,"Recommended Action (novel, with Alan Schukart; English + Macedonian)",KDP/Amazon,—,,✅ [WEB] (live on Kindle),,none,
Book (trade/self-published),Prompt Engineering & Human-Centered AI,—,A More Beautiful Prompt: The Art of Human-Centered Prompt Engineering,KDP/Amazon,"The Art of Human-Centered AI, Book 1",,✅ [WEB],,none,
Book (trade/self-published),Prompt Engineering & Human-Centered AI,—,A More Beautiful Context: The Art of Human-Centered Context Engineering,KDP/Amazon,"The Art of Human-Centered AI, Book 2",,✅ [WEB] — new,,none,
Book (trade/self-published),Prompt Engineering & Human-Centered AI,—,A More Beautiful Agent: The Art of Human-Centered Agent Design,KDP/Amazon,"The Art of Human-Centered AI, Book 3",,✅ [WEB] — new,,none,
Book (trade/self-published),AI in Education & Assessment; AI Security & Adversarial ML,—,Assessment Under Adversarial Pressure: Why AI Broke the Evidence Model in Higher Education,KDP/Amazon,"The AI Playbooks, Book 1",,✅ [WEB],,none,
Book (trade/self-published),AI in Education & Assessment,—,Nurturing Bloom's Garden: How AI Transforms the Educational Landscape,KDP/Amazon,"The AI Playbooks, Book 2",,✅ [WEB],,none,
Book (trade/self-published),Prompt Engineering & Human-Centered AI; AI in Education & Assessment,—,AI Unleashed: A College Student's Guide to Navigating and Mastering Generative AI,KDP/Amazon,"The AI Playbooks, Book 4",,✅ [WEB],,none,
Book (trade/self-published),Cognitive Science & Interactivism; AI Ethics & Society,—,Hosted Cognition: How AI Platforms Are Privatizing the Conditions of Human Judgment,KDP/Amazon,—,,✅ [WEB] (live on Kindle; also listed as 2026 forthcoming above),,none,
Book (trade/self-published),Creative & Trade Writing,2023,The Art of Living Large: The Curvy Path to Adulting Bliss,KDP/Amazon,The Art of Living Large series (4 vols.),,✅ [WEB],,none,
Edited volume,AI in Education & Assessment,2025,AI-Assisted Assessment in Education: Transforming Assessment and Measuring Learning (Digital Education and Learning series),"Palgrave Macmillan, DOI 10.1007/978-3-031-88252-4",co-eds: Heather Hayes,verified,[UCB],,none,✅ (multiple records; one Open Access)
Edited volume,AI in Education & Assessment,2023,Handbook of Research on AI and Machine Learning Applications in Customer Support and Analytics,IGI Global,"co-eds: Md Shamim Hossain, Ree Chan Ho",verified,[UCB] [IGI],,none,✅
Edited volume,AI in Education & Assessment,2023,Designing Context-Rich Learning by Extending Reality,IGI Global,co-eds: Jason Braun,verified,[UCB] [IGI],,none,✅
Edited volume,AI in Education & Assessment; Data Science & Learning Analytics,2022,Applying Data Science and Learning Analytics Throughout a Learner's Lifespan,IGI Global,"co-eds: Marylee Demeter, Heather Hayes",verified,[UCB] [IGI],,none,✅
Edited volume,Multi-Agent Systems & Emergence,2011/2010,Developments in Intelligent Agent Technologies and Multi-Agent Systems: Concepts and Applications,IGI Global (368 pp.),co-eds: —,verified,[UCB] [CV],,none,✅
Edited volume,Multi-Agent Systems & Emergence,2009,Handbook of Research on Agent-Based Societies: Social and Cultural Interactions,IGI Global (436 pp.),co-eds: Samuel G. Collins,verified,[UCB] [CV],,none,"✅ (CV variant title ""…Societal and Cultural Interactions"" — keep verified title)"
Edited volume,Computational Creativity & Arts,2009,Handbook of Research on Computational Arts and Creative Informatics,IGI Global (500 pp.),"co-eds: James Braman, Giovanni Vincenti",verified,[UCB] [CV],,none,✅
Edited volume,AI in Education & Assessment; Diversity in Computing Education,2006,Diversity in Information Technology Education: Issues and Controversies,IGI Global / Information Science Publishing (319 pp.),co-eds: —,verified,[UCB] [CV],,none,"✅ (hc record; CV variant subtitle ""Issues and Challenges"" — keep verified ""Issues and Controversies"")"
Edited volume,Multi-Agent Systems & Emergence; Workplace & Organizational Dynamics,2007,Emergent Agents and Socialities: Social and Organizational Aspects of Intelligence (AAAI Fall Symposium technical report),AAAI,co-eds: Samuel G. Collins,verified,[UCB],,none,✅
Edited volume,Multi-Agent Systems & Emergence,2006,Interaction and Emergent Phenomena in Societies of Agents (AAAI Fall Symposium technical report FS-06-05),AAAI,co-eds: Samuel G. Collins,verified,[UCB],,none,✅
Edited volume,AI in Education & Assessment; Diversity in Computing Education; Healthcare Data & AI,2004,Tenth Annual Towson University Multicultural Conference: Defining the Dimensions of Diversity — Conference Proceedings,Towson University Multicultural Institute,co-eds: (conference co-chairs: Yvonne Hardy-Phillips & G. Trajkovski),verified,[WEB],,none,"✅ new — primary document in hand; title page reads ""Edited by Dr. Goran Trajkovski."" First proceedings volume of the TU Multicultural Conference series. Institutional (non-commercial) tier — flag on academic CV."
Journal editorship,Scholarly Service & Peer Review,2008–2017,Founding Editor-in-Chief,"International Journal of Agent Technologies and Systems (IJATS), IGI Global",,verified,[UCB] [CV],,none,
Journal article,AI Ethics & Society; Research Administration & Higher-Ed Leadership,2024,"Trajkovski, G. Bridging the public administration-AI divide: A skills perspective. *Public Administration and Development*, 44(5), 412–426. DOI 10.1002/pad.2061",,,verified,[UCB] [Scopus],https://doi.org/10.1002/pad.2061,doi,✅ peer reviewed; 22 citations (Scopus)
Journal article,"AI in Education & Assessment; Cognitive Science & Interactivism; Formal Methods, Automata & Theory",2021,"Hayes, H., Demeter, M., Morris, J. G., & Trajkovski, G. Transparency of cognitive complexity in performance assessments: A validity study. *Journal of Competency-Based Education*, 6(2).",,,verified,[UCB],https://doi.org/10.1002/cbe2.1244,doi,✅ peer reviewed
Journal article,Fuzzy Systems; Cognitive & Developmental Robotics; Cognitive Science & Interactivism,2009,"Trajkovski, G., Stojanov, G., Collins, S., Eidelman, V., Harman, C., & Vincenti, G. Cognitive robotics and multiagency in a fuzzy modeling framework. *IJATS*, 1(1), 50–73.",,,verified,[UCB],https://doi.org/10.4018/jats.2009010104,doi,✅
Journal article,Multi-Agent Systems & Emergence; Scholarly Service & Peer Review,2008,"Ball, J., et al. (incl. Trajkovski, G. P.). AAAI Fall Symposium reports. *AI Magazine*, 29(1), 99–104.",,,verified,[UCB] [Wiley],https://doi.org/10.1609/aimag.v29i1.2130,doi,✅ peer reviewed
Journal article,Multi-Agent Systems & Emergence; Scholarly Service & Peer Review,2007,"Bongard, J., Brock, D., Collins, S. G., ... Trajkovski, G. Reports on the 2006 AAAI Fall Symposia. *AI Magazine*, 28(1), 88–92. DOI 10.1609/aimag.v28i1.2031.",,,verified,[Wiley] [DBLP],https://doi.org/10.1609/aimag.v28i1.2031,doi,✅ Free to Read; distinct from the 2008 report
Journal article,AI in Education & Assessment,2005,"Robila, S. A., Kumar, A. N., Trajkovski, G., Popyack, J. L., & Poger, S. Undergraduate research: Students' rewards and challenges. *Journal of Computing Sciences in Colleges*, 21(2), 166–171. (Presented as a panel at CCSC-Eastern 2005; JCSC 21(2) is that proceedings issue. Trajkovski's individual panel statement + the full panel draft are in hand.)",,,verified,[UCB] [ACM],https://dl.acm.org/doi/10.5555/1088791.1088818,publisher,✅
Journal article,AI in Education & Assessment,2007,"Goode, E., & Trajkovski, G. Developing a truly interdisciplinary bioinformatics track: Work in progress. *Journal of Computing Sciences in Colleges*, 22(6), 73–79. (Presented at CCSC-Eastern 2007, Rochester, NY; JCSC 22(6) is that proceedings issue. ""CCSCNE-FINALsubmission"" draft in hand.)",,,verified,[ACM] [WEB],,none,"✅ — corroborates Towson MB3 (Molecular Biology, Biochemistry & Bioinformatics) track claim"
Journal article,AI in Education & Assessment; Diversity in Computing Education,2007,"Trajkovski, G. Diversity in the computing sciences: Tutorial presentation. *Journal of Computing Sciences in Colleges*, 22(6), 7.",,,verified,[ACM],,none,✅
Journal article,AI in Education & Assessment; Diversity in Computing Education; Healthcare Data & AI,2007,"Trajkovski, G. Introducing multicultural issues to the computer science classroom: Tutorial presentation. *Journal of Computing Sciences in Colleges*, 22(4), 46–47.",,,verified,[ACM],,none,✅
Journal article,AI in Education & Assessment; Diversity in Computing Education; Cognitive & Developmental Robotics; Healthcare Data & AI,2007,"Trajkovski, G. Tutorial: Infusing diversity topics throughout the computer science curriculum. *CCSC 2007* — presented at both CCSC Central Plains 2007 (Springfield, MO) and CCSC-Eastern 2007 (Rochester, NY).",,,verified,[WEB],,none,"✅ — web-confirmed on the CCSC Central Plains 2007 program; 34-slide CARoL-branded deck in hand, covering both venues. Distinct tutorial from the two CCSC-NE tutorials above. JCSC vol/page TBD (possibly the JCSC 22(6):7 ""Diversity in the computing sciences"" abstract at line above — confirm before merging)."
Journal article,AI in Education & Assessment,2003,"Goode, E., & Trajkovski, G. Napoleon's soldiers. *Journal of Computing Sciences in Colleges*, 18(5), 193–197. (Presented at CCSC-NE 2003, Rhode Island, Apr 25–26; JCSC 18(5) is that proceedings issue. Slide deck in hand.)",,,verified,[UCB],,none,✅
Journal article,Diversity in Computing Education,2003,"Dudley-Sponaugle, A., Goode, E., Schroeder-Thomas, C., & Trajkovski, G. New faculty contributions toward enhancing diversity. *Journal of Computing Sciences in Colleges*, 18(5), 171–173. (Presented as a panel, ""New Faculty Enhancing Diversity,"" at CCSC-NE 2003, Rhode Island; panel slides in hand, presenters Dudley-Sponaugle, Goode & Trajkovski.)",,,verified,[UCB],,none,✅
Journal article,Fuzzy Systems,2001,"Tepavčević, A., & Trajkovski, G. L-fuzzy lattices: An introduction. *Fuzzy Sets and Systems*, 123(2), 209–216.",,,verified,[UCB] [GS],https://doi.org/10.1016/S0165-0114(00)00065-8,doi,"✅ peer reviewed — fills the pre-2002 gap; 107 citations (GS), most-cited work"
Journal article,Multi-Agent Systems & Emergence; Cognitive Science & Interactivism,1997,"Stojanov, G., Bozinovski, S., & Trajkovski, G. Interactionist-expectative view on agency and learning. *Mathematics and Computers in Simulation*, 44(3), 295–310.",,,verified,[GS],,none,"✅ peer reviewed — 70 citations (GS); a major early journal article, not previously logged"
Journal article,Cognitive & Developmental Robotics; Cognitive Science & Interactivism,2006,"Stojanov, G., Trajkovski, G., & Kulakov, A. Interactivism in artificial intelligence (AI) and intelligent robotics. *New Ideas in Psychology*, 24(2), 163–185.",,,verified,[GS],,none,✅ peer reviewed — 16 citations (GS)
Journal article,Multi-Agent Systems & Emergence; Cognitive Science & Interactivism; Workplace & Organizational Dynamics; HCI & Virtual Environments,2006,"Trajkovski, G., & Collins, S. G. Autochthony through self-organization: Interactivism and emergence in a virtual environment. *New Ideas in Psychology*, 24(2), 99–116.",,,verified,[GS],,none,✅ peer reviewed — 8 citations (GS)
Journal article,AI in Education & Assessment; e-Business & Commerce,2004,"Song, Y. T., Trajkovski, G., & Hong, S. Bridging the technological gap between academia and industry: Towards a successful e-commerce graduate program. *Information Systems Education Journal*, 2(9), 1–16.",,,verified,[GS] [WEB],,none,"✅ — 2 citations (GS). First presented at ISECON 2003 (Information Systems Education Conference, San Diego, Nov 2003; edited draft in hand), then published in ISEDJ — standard ISECON→ISEDJ pipeline, so one work with a conference + journal record. If you want the ISECON 2003 proceedings cited separately, say so."
Conference paper,AI in Education & Assessment,2006,"Georgiev, T., Georgieva, E., & Trajkovski, G. Transitioning from e-learning to m-learning: Present issues and future challenges. *SNPD 2006*, pp. 349–353.",,,verified,[UCB],https://doi.org/10.1109/SNPD.2006.15,doi,✅ (not linked to IEEE author profile — merge candidate)
Conference paper,AI in Education & Assessment,2006,"Meiselwitz, G., & Trajkovski, G. Effects of computer competency on usability and learning experience in online learning environments. *SNPD 2006*, pp. 339–342.",,,verified,[UCB],,none,✅ (same profile-merge note)
Conference paper,Cognitive Science & Interactivism; Healthcare Data & AI,2003,"Trajkovski, G., Stojanov, G., & Davani, D. The impact of stress on imitation-based learning. *1st Global Conference: Artificial Intelligence — Exploring Critical Issues* (Inter-Disciplinary.net; Rob Fisher, org.), Vienna, Austria, Dec 4–6, 2003.",,,verified,[WEB],,none,"✅ resolved — title page in hand (abstract-submission version); confirmed-participant email also in hand. Part of the ""stress on imitation-based learning"" cluster (see §11)."
Conference paper,Multi-Agent Systems & Emergence; Cognitive & Developmental Robotics; Cognitive Science & Interactivism; Healthcare Data & AI,2003,"Trajkovski, G., Stojanov, G., Goode, E., & Davani, D. Extending MASIVE: The impact of stress on imitation-based learning. *3rd Int'l Workshop on Epigenetic Robotics (EpiRob 2003), Boston, MA (Lund University Cognitive Studies).",,,verified,[WEB],,none,"✅ new — title page in hand (Towson + Skopje). Stress-cluster sibling; distinct authors (Goode, Davani) and venue from the SNPD 2005 version."
Conference paper,Multi-Agent Systems & Emergence; Cognitive Science & Interactivism; Healthcare Data & AI,2005,"Trajkovski, G., Stojanov, G., & Vincenti, G. Extending MASIVE: The impact of stress on imitation-based learning. *SNPD 2005* (6th ACIS Int'l Conf. on Software Engineering, AI, Networking and Parallel/Distributed Computing), pp. 360–365.",,,verified,[DBLP],,none,✅ new — -confirmed; same title as the EpiRob 2003 version but different co-author (Vincenti) and venue/year. Stress-cluster sibling.
Conference paper,Cognitive & Developmental Robotics,2003,"Trajkovski, G., Davani, D., & Georgiev, T. Preparing to teach undergraduate robotics on-ground and on-line. *CompSysTech '03* (Int'l Conf. on Computer Systems and Technologies, Sofia, Bulgaria, 19–20 June 2003), ACM, pp. 597–603. DOI 10.1145/973620.973720.",,,verified,[ACM] [WEB],https://doi.org/10.1145/973620.973720,doi,"✅ — real ACM DOI; scanned proceedings copy in hand confirms venue/dates (the ""Bulgaria_scanned_paper"" file is this paper)"
Conference paper,Multi-Agent Systems & Emergence; Cognitive Science & Interactivism,2001,"Trajkovski, G. An imitation-based approach to modeling homogenous agents societies. *EPIA 2001* (presented in the MASTA Multi-Agent Systems: Theory & Applications track), LNCS 2258, Springer, pp. 246–252. DOI 10.1007/3-540-45329-6_25 (ch. 25).",,,verified,[UCB] [Springer],https://doi.org/10.1007/3-540-45329-6_25,doi,"✅ peer reviewed — pre-2002 gap filler; DOI confirmed. (Title page marked ""MASTA 2001"" is this same paper — MASTA is the MAS track *within* EPIA 2001, not a separate venue; WVU Parkersburg affiliation on that copy.)"
Conference paper,AI in Education & Assessment; Fuzzy Systems; Software Reliability & Systems,2001,"Trajkovski, G. White box approach to reliability assessment of embedded fuzzy control systems. *World Multiconference on Systemics, Cybernetics and Informatics (SCI 2001), Orlando, FL, Jul 22–25, 2001. IIIS.",,,verified,[WEB],,none,✅ new — title page in hand (WVU Parkersburg); case study = fuzzy controller for videoconference buffer occupancy over ATM (ties to the 1998 B-ISDN + 1999 ASSET buffer-occupancy line). SCI 2001 venue confirmed .
Conference paper,AI in Education & Assessment; Software Reliability & Systems; Healthcare Data & AI,2001,"Trajkovski, G. Accelerated testing paradigm for ICU control system software using slicing techniques. *World Multiconference on Systemics, Cybernetics and Informatics (SCI 2001), Orlando, FL, Jul 22–25, 2001. IIIS.",,,verified,[WEB],,none,✅ new — title page in hand (WVU Parkersburg); software-reliability/slicing line (WVU/Čukić era).
Conference paper,Fuzzy Systems,2001,"Trajkovski, G. A fuzzy framework for expert system evaluation. *World Multiconference on Systemics, Cybernetics and Informatics (SCI 2001), Orlando, FL, Jul 22–25, 2001. IIIS.",,,verified,[WEB],,none,"✅ new — title page in hand (WVU Parkersburg); fuzzy + neural-net evaluation framework, multi-evaluator."
Conference paper,Multi-Agent Systems & Emergence,2002,"Trajkovski, G. MASIVE: A case study in multiagent systems. *IDEAL 2002* (3rd Int'l Conf. on Intelligent Data Engineering and Automated Learning, Manchester, UK, Aug 12–14, 2002; Session TB1 ""Agents 1,"" Aug 13), LNCS 2412, Springer, pp. 249–254. DOI 10.1007/3-540-45675-9_41.",,,verified,[Springer] [WEB] [DBLP],https://doi.org/10.1007/3-540-45675-9_41,doi,✅ — programme in hand confirms the talk; pages ; names the MASIVE project foundation
Conference paper,Fuzzy Systems,1999,"Trajkovski, G., & Čukić, B. On two types of L M fuzzy lattices. *Computational Intelligence: Theory and Applications*, LNCS 1625, Springer, pp. 272–281. DOI 10.1007/3-540-48774-3_32.",,,verified,[Springer] [WoS] [GS],https://doi.org/10.1007/3-540-48774-3_32,doi,"✅ — pages confirmed; second Čukić collaboration, 1999"
Conference paper,Multi-Agent Systems & Emergence; Fuzzy Systems; Cognitive Science & Interactivism,1999,"Trajkovski, G., & Stojanov, G. Algebraic modeling of societies of agents in the interactivist-expectative theories (Extended Abstract). In Reusch, B. (Ed.), *Computational Intelligence: Theory and Applications* (Proc. 6th Fuzzy Days, Dortmund, Germany, May 25–28, 1999), LNCS 1625, Springer.",,,verified,[WEB],,none,"✅ new — title page in hand; distinct from the Čukić fuzzy-lattices paper above though in the *same* LNCS 1625 volume (two papers, one proceedings = two works). Trajkovski affiliation on the paper: West Virginia University at Parkersburg (corroborated). Pages TBD."
Conference paper,Multi-Agent Systems & Emergence; Cognitive Science & Interactivism; Healthcare Data & AI,2005,"Trajkovski, G., Vincenti, G., & Stojanov, G. Extending MASIVE: The impact of stress on imitation-based learning. *SNPD/SAWN 2005*, IEEE. Cited by 1.",,,verified,[IEEE],,none,✅
Conference paper,Multi-Agent Systems & Emergence; Fuzzy Systems,2005,"Trajkovski, G. P., & Vincenti, G. A fuzzy framework for modeling multiagent societies. *NAFIPS 2005* (North American Fuzzy Information Processing Society), Ann Arbor, MI, Jun 22–25, 2005, pp. 760–765. Cited by 1.",,,verified,[IEEE] [CV],,none,✅ pages + venue confirmed
Conference paper,AI in Education & Assessment; Cognitive & Developmental Robotics,2005,"Trajkovski, G., Schlosburg, J., Whitman, B., & Vincenti, G. Building infrastructure for an honors research robotics lab. *SNPD/SAWN 2005*, IEEE, pp. 352–357. Cited by 1.",,,verified,[IEEE] [DBLP],,none,"✅ — Towson lab documentation; pages confirmed . Archival version of the earlier 2004 New Orleans honors-conference paper (§10), which was student-led (Schlosburg & Trajkovski) before Whitman & Vincenti were added here."
Conference paper,Healthcare Data & AI,2005,"Vincenti, G., Hammell, R. J., & Trajkovski, G. Scouting for imprecise temporal associations to support effectiveness of drugs during clinical trials. *NAFIPS 2005*, Ann Arbor, MI, Jun 22–25, 2005, pp. 171–176. Cited by 5.",,,verified,[IEEE] [CV],,none,✅ — early healthcare-AI credential; pages + venue confirmed
Conference paper,Data Science & Learning Analytics,2005,"Vincenti, G., Hammell, R. J., & Trajkovski, G. Data mining for imprecise temporal associations. *SNPD/SAWN 2005*, IEEE. Cited by 3.",,,verified,[IEEE],,none,✅
Conference paper,Cognitive & Developmental Robotics,2005,"Kulakov, A., Davcev, D., & Trajkovski, G. Application of wavelet neural-networks in wireless sensor networks. *SNPD/SAWN 2005*, IEEE. Cited by 14.",,,verified,[IEEE],,none,✅ — highest-cited IEEE item
Conference paper,Cognitive & Developmental Robotics,2005,"Kulakov, A., Davcev, D., & Trajkovski, G. Implementing artificial neural networks in wireless sensor networks. *Advances in Wired and Wireless Communication — 2005 IEEE/Sarnoff Symposium*, Princeton, NJ, Apr 18–19, 2005, pp. 94–97. Cited by 6 papers + 1 patent.",,,verified,[IEEE] [WEB],,none,"✅ — cited by a patent; full venue/date/location + pages confirmed . Companion to the SNPD 2005 wavelet-NN paper (same trio, WSN line)."
Conference paper,Software Reliability & Systems,1999,"Trajkovski, G., Cukic, B., & Bogatinovski, M. A comparison of two buffer occupancy control algorithms in ATM networks. *IEEE ASSET'99*. Cited by 1 paper + 1 patent.",,,verified,[IEEE],,none,"✅ — WVU/NASA IV&V era (Cukic), cited by a patent"
Conference paper,Fuzzy Systems,1998,"Trajkovski, G. An approach toward defining L-fuzzy lattices. *NAFIPS 1998*, IEEE. Cited by 3.",,,verified,[IEEE],,none,✅ — precursor to the 2001 Fuzzy Sets and Systems article
Conference paper,Cognitive & Developmental Robotics; Cognitive Science & Interactivism,1997,"Stojanov, G., Bazinovski, S., & Trajkovski, G. The status of representations in behavior based robotic systems: The problem and a solution. *IEEE SMC 1997*. Cited by 4 (IEEE) / 7 (Scopus) / 12 (GS).",,,verified,[IEEE] [Scopus] [GS],,none,✅ — co-author is Stevo Bozinovski
Conference paper,Cognitive Science & Interactivism; HCI & Virtual Environments,1997,"Stojanov, G., Kulakov, A., & Trajkovski, G. Investigating perception in humans inhabiting simple virtual environments: An enactivist view. *Cognitive Science Conference on Perception, Consciousness and Art*, Vrije Universiteit, Brussels.",,,verified,[WEB],,none,✅ — new; 1997 Brussels venue
Conference paper,Cognitive Science & Interactivism,1997,"Stojanov, G., Trajkovski, G., & Bozinovski, S. Representation vs. context: A false dichotomy: Introducing intrinsic representations. *Proc. 3rd European Conference on Cognitive Science (ECCS), Workshop on Context*, Manchester, UK, pp. 227–230. Cited by 9 (GS).",,,verified,[WEB],,none,✅ — pages confirmed
Conference paper,Cognitive & Developmental Robotics; Cognitive Science & Interactivism; HCI & Virtual Environments,1996,"Stojanov, G., & Trajkovski, G. Spatial representations for mobile robots: Detection of learnable and unlearnable environments. *Proc. First Congress of Mathematicians and Computer Scientists in Macedonia*, Ohrid, Macedonia, pp. 151–156.",,,verified,[WEB],,none,"✅ — earliest Macedonian-venue publication; now dated 1996 (per PMF Skopje list + Springer citation), narrowing the unverified window to ~1995 only"
Conference paper,Fuzzy Systems,1997,"Trajkovski, G., & Janeva, B. A note on L-fuzzy relations. *Proc. LIRA '97*, Novi Sad, Yugoslavia, pp. 215–222.",,,verified,[WEB],,none,✅ — new; double-sourced (PMF Skopje Institute of Mathematics list + cited in Tepavčević & Trajkovski's Fuzzy Sets and Systems paper); precursor to the fuzzy-lattices line
Conference paper,Cognitive Science & Interactivism,1998,"Trajkovski, G., & Stojanov, G. Algebraic formalization of environment representation. In Tatai & Gulyas (Eds.), *Agents Everywhere*, Springer, Budapest, pp. 59–65. Cited by 13 (GS).",,,verified,[GS] [WEB],,none,✅
Conference paper,Fuzzy Systems; Software Reliability & Systems,1998,"Bogatinovski, M., Trajkovski, G., & Spasenovski, B. Fuzzy controller for video conference traffic in B-ISDN. *Proc. IEEE Workshop CAMAD 98*. Cited by 7 (GS).",,,verified,[GS],,none,✅ — new
Conference paper,Fuzzy Systems; Cognitive Science & Interactivism,1997,"Trajkovski, G., Stojanov, G., & Bozinovski, S. Application of fuzzy sets in CNV detection during the DCNV paradigm experiment. *Proc. 7th IFSA World Congress*, Prague, Czech Republic, pp. 249–252.",,,verified,[WEB],,none,✅ — the Prague conference; IFSA World Congress 1997; attested in multiple later reference lists
Conference paper,AI in Education & Assessment; Fuzzy Systems; Cognitive Science & Interactivism,1997,"Trajkovski, G., & Janeva, B. Towards a standardized personal fuzzy criterion for student evaluation. *Proc. 7th International Fuzzy Systems Association (IFSA) World Congress*, Academia, Prague, Czech Republic, Vol. III, pp. 62–67.",,,verified,[WEB],https://doi.org/10.1007/978-3-540-39615-4_15,doi,"✅ new — sourced from Trajkovski's own reference list in the 2004 Springer chapter *Fuzzy Sets in Investigation of Human Cognition Processes* (DOI 10.1007/978-3-540-39615-4_15). Second, distinct paper at the same IFSA Prague congress (different volume + pages from the CNV paper above) — counts as a separate work. Third Janeva collaboration (cf. LIRA'97, ITI'97). The earliest fuzzy-logic-applied-to-student-grading item in the record — a direct 1997 antecedent to the later assessment line (JCBE 2021 validity study, DIF chapters, Palgrave 2025)."
Conference paper,Fuzzy Systems; Cognitive Science & Interactivism; HCI & Virtual Environments,1997,"Trajkovski, G., Stojanov, G., Bozinovski, S., Bozinovska, L., & Janeva, B. Fuzzy sets and neural networks in CNV detection. *Proc. ITI'97 (19th Int'l Conf. Information Technology Interfaces), Pula, Croatia, pp. 153–158.",,,verified,[WEB],,none,✅ — venue confirmed; CNV/DCNV brain-signal line
Conference paper,Fuzzy Systems; Cognitive Science & Interactivism,1999,"Trajkovski, G., Cukic, B., & Stojanov, G. Fuzzy logic in neurophysiology: A case study. *Proc. Computational Intelligence: Methods and Applications (CIMA'99), Rochester, NY, pp. 21–25. Cited by 2 (GS).",,,verified,[GS] [WEB],,none,"✅ — location confirmed (Rochester, NY)"
Conference paper,Multi-Agent Systems & Emergence; Cognitive Science & Interactivism,2002,"Trajkovski, G., & Stojanov, G. A multiagent theory of agency and learning based on imitation. *IASTED International Conference on Applied Modelling and Simulation (AMS 2002). Cited by 1 (GS).",,,verified,[GS] [WEB],,none,"✅ — venue confirmed IASTED AMS 2002; title page in hand (Trajkovski at Towson, w/ Stojanov). ⚠️ Dual publication — same title/abstract also ran at KES 2002 Crema (row below, Trajkovski solo, WVU-P). Per your ""two-venues = two-works"" rule both are listed; on a CV you may prefer to cite once."
Conference paper,Multi-Agent Systems & Emergence; Cognitive Science & Interactivism,2002,"Trajkovski, G. A multiagent theory of agency and learning based on imitation. *6th Int'l Conf. on Knowledge-Based Intelligent Information & Engineering Systems (KES 2002), Crema, Italy, Sept 2002.",,,verified,[WEB],,none,"✅ new (dual) — title page in hand (Trajkovski solo, WVU Parkersburg); same title/abstract as the IASTED AMS 2002 row above. Logged as a distinct venue per your rule; flagged as a dual publication."
Conference paper,Cognitive & Developmental Robotics,2002,"Trajkovski, G., Goode, M., Chapman, J., Swearingen, W., & Stojanov, G. The POPSICLE experiment and learning in humans. *IASTED International Conference on Applied Modelling and Simulation (AMS 2002).",,,verified,[WEB],,none,"✅ new — title page in hand. POPSICLE = Patterns in Orientation: Pattern-Aided Simulated Interaction Context Learning Experiment. Human-subjects variant (w/ Stojanov). Companion to the KES 2002 human-agents POPSICLE below (different title, no Stojanov) and distinct from the 2003 artificial-agents POPSICLE (Davani & Williams). See POPSICLE-cluster note."
Conference paper,Cognitive & Developmental Robotics,2002,"Trajkovski, G., Goode, M., Chapman, J., & Swearingen, W. Investigating learning in human agents: The POPSICLE experiment. *6th Int'l Conf. on Knowledge-Based Intelligent Information & Engineering Systems (KES 2002), Crema, Italy, Sept 2002.",,,verified,[WEB],,none,"✅ new — title page in hand (WVU Parkersburg); resolves the previously-pending KES 2002 POPSICLE item. Distinct from the IASTED ""The POPSICLE Experiment and Learning in Humans"" (different title, no Stojanov)."
Conference paper,Fuzzy Systems,2002,"Trajkovski, G., & Stojanov, G. Approaching process ontology via tense fuzzy algebraic structures. *Int'l Symposium on Artificial Intelligence and Mathematics (AI&M / AMAI 2002), Fort Lauderdale, FL, Jan 2–4, 2002.",,,verified,[WEB],,none,"✅ resolved — title page in hand (Trajkovski at WVU Parkersburg, Dept. of Computer Science). AI&M extended abstract (Rutgers-hosted; not in DBLP's AI&M 2002 index)."
Conference paper,Cognitive & Developmental Robotics; Cognitive Science & Interactivism,2003,"Trajkovski, G., Stojanov, G., Davani, D., & Williams, G. Investigating learning in biologically-inspired artificial agents: The POPSICLE experiment. *MAICS 2003* (14th Midwest AI & Cognitive Science Conf., Cincinnati, OH), pp. 140–146. Cited by 2 (GS).",,,verified,[GS] [DBLP] [WEB],,none,✅ — venue/pages confirmed + title page in hand; POPSICLE project origin
Conference paper,Software Reliability & Systems,2003,"Davani, D., Rosenberg, L., & Trajkovski, G. A model for software error estimation. *Summer Computer Simulation Conference (SCSC 2003), Montreal, Canada, pp. 354–359.",,,verified,[GS] [WEB],,none,✅ — venue confirmed (Montreal); the NASA link is now explicit: Linda Rosenberg = NASA Goddard Software Assurance Technology Center (SATC). Software-reliability/error-trending line.
Conference paper,AI in Education & Assessment; Cognitive & Developmental Robotics,2003,"Trajkovski, G. POPSICLE: An undergraduate research project in a course on artificial intelligence. *SIGCSE 2003* (34th ACM Technical Symposium on CS Education, Reno, NV).",,,verified,[WEB],,none,"✅ new — title page in hand (Towson). Education-focused POPSICLE paper (using POPSICLE as an undergrad research vehicle in an AI course) — distinct from the three POPSICLE *research* papers. ⚠️ Likely a poster/short paper; not located in ACM DL, so confirm archival status before citing as a full paper. Fourth member of the POPSICLE cluster (§11)."
Conference paper,AI in Education & Assessment; Software Reliability & Systems; Healthcare Data & AI,2003,"Trajkovski, G., & Dudley-Sponaugle, A. Accelerating testing on ICU control systems software using slicing techniques. *41st ACM Southeast Conference (ACMSE 2003), Savannah, GA, Mar 2003.",,,verified,[WEB],,none,"✅ new — title page in hand (Towson, w/ Dudley-Sponaugle). Developed version of the SCI 2001 solo paper ""Accelerated Testing Paradigm for ICU Control System Software…"" (retitled, co-author added) — related but distinct."
Conference paper,Cognitive & Developmental Robotics,2003,"Davani, D., & Trajkovski, G. Discrete-event simulation models with Java/JDBC/RMI. *Artificial Neural Networks in Engineering (ANNIE 2003), St. Louis, MO, Nov 2003.",,,verified,[WEB],,none,✅ new — title page in hand (Towson).
Conference paper,Fuzzy Systems; Cognitive & Developmental Robotics,2003,"Trajkovski, G., & Davani, D. Specifying the subjective: Fuzzy evaluation of system features. *Artificial Neural Networks in Engineering (ANNIE 2003), St. Louis, MO, Nov 2003.",,,verified,[WEB],,none,"✅ new — title page in hand (Towson, w/ Davani). Developed version of the SCI 2001 solo paper ""A Fuzzy Framework for Expert System Evaluation"" (retitled, co-author added) — related but distinct."
Conference paper,AI in Education & Assessment; Diversity in Computing Education; Healthcare Data & AI; Computational Creativity & Arts,2003,"Sarhangi, R., Meiselwitz, G., & Trajkovski, G. Diversifying the curriculum: The tessellations case. In *Meeting Alhambra, ISAMA-BRIDGES Conference Proceedings* (Granada, Spain, Jul 2003), pp. 441–448. University of Granada. ISBN 84-930669-1-5; ISSN 1099-6702. archive.bridgesmathart.org/2003/bridges2003-441.html",,,verified,[WEB] [GS],https://archive.bridgesmathart.org/2003/bridges2003-441.html,archive,"✅ — confirmed via the Bridges Archive (full BibTeX + PDF in hand). Abstract documents the Towson course ""Computers and Creativity"" and diversifying ""diversity-unfriendly"" math/science curricula via tessellations. The Box draft's working title ""Tessellations: A Tool for Diversity Infusions in the Curriculum"" was later reused for the 2006 book-chapter reprint in *Diversity in IT Education* (§6, pp. 262–279) — one conference paper + one book chapter = two works, both logged."
Conference paper,AI in Education & Assessment; Diversity in Computing Education; Cognitive & Developmental Robotics; Cognitive Science & Interactivism; Healthcare Data & AI; Computational Creativity & Arts,2004,"Trajkovski, G. Teaching creativity (and lots of other stuff) with LEGOs. In *Tenth Annual Towson University Multicultural Conference: Defining the Dimensions of Diversity — Proceedings*, pp. 20–23. Towson University Multicultural Institute.",,,verified,[WEB],,none,"✅ new — primary document in hand; documents the HONR 271 / COSC 225 ""Introduction to LEGO Robotics"" course and the Towson CARoL (Cognitive Agency and Robotics Lab, est. May 2003). Cross-ref edited volume in §2."
Conference paper,AI in Education & Assessment; Cognitive & Developmental Robotics; Cognitive Science & Interactivism,2004,"Trajkovski, G., Davani, D., Williams, G., Stamate, D., Gudzenko, G., & Bittner, D. From POPSICLE to CARoL in a semester. In *Accessible Hands-on Artificial Intelligence and Robotics Education* (2004 AAAI Spring Symposium, Stanford University, Mar 22–24, 2004), AAAI Press, Technical Report SS-04-01, paper 035. Landing page aaai.org/papers/0035-ss04-01-035-from-popsicle-to-carol-in-a-semester; PDF SS04-01-035.",,,verified,[WEB],https://aaai.org/papers/0035-ss04-01-035-from-popsicle-to-carol-in-a-semester,publisher,"✅ new — AAAI digital library independently confirms authorship + venue; primary document (title page) also in hand. Fifth member of the POPSICLE cluster and the paper that names the POPSICLE→CARoL transition (CARoL = Cognitive Agency and Robotics Lab, est. May 2003). Co-authors Stamate, Gudzenko & Bittner are new to the record. NB: the actual symposium is ""Accessible Hands-on AI and Robotics Education,"" not ""Affordable Robotics"" (the Drive folder's label)."
Conference paper,Cognitive & Developmental Robotics; Cognitive Science & Interactivism; Software Reliability & Systems,2004,"Trajkovski, G. Robotic societies: The interactivist way. In S. Colombano (Ed.), *Workshop Proceedings of Self-Sustaining Robotic Systems (Robosphere 2004), NASA Ames Research Center, Mountain View, CA, Nov 9–10, 2004.",,,verified,[WEB],,none,"✅ new — preliminary program in hand (solo, Towson; ""Robotic Colonies/Ecologies 2"" session, Tue Nov 9, 2:00 PM). Robosphere 2004 independently confirmed (CHM poster archive; workshop chaired by S. Colombano, NASA Ames) with archival proceedings — cited *with page numbers* in Springer *Autonomous Robots* reference lists. Extends the interactivism → agent/robotic-societies line to a NASA Ames venue (adds to the NASA Goddard/SATC and NASA IV&V links already in the record). ⚠️ One thing to confirm: this specific paper's page range in the printed proceedings."
Conference paper,AI in Education & Assessment; Cognitive & Developmental Robotics; Healthcare Data & AI,2003,"Davani, D., & Trajkovski, G. Paving the road for robotics in the undergraduate CS curriculum. *Proc. ED-MEDIA 2003*, Honolulu, HI, July 2003.",,,verified,[WEB],,none,"✅ new — self-cited in the 2004 proceedings' reference list; venue attested, not yet independently indexed"
Conference paper,Cognitive & Developmental Robotics,2003,"Trajkovski, G., Davani, D., Karadzinov, L., & Gibson, M. Designing an introductory undergraduate course in robotics. *ETAI 2003* (VI National Conference, Ohrid, Macedonia, 17–20 September 2003).",,,verified,[WEB],,none,"✅ confirmed — title page in hand (Trajkovski, Davani, Gibson at Towson; Karadzinov at Skopje/IEEE). Macedonian venue (Ohrid/Skopje line)."
Conference paper,Fuzzy Systems,2007,"Vincenti, G., & Trajkovski, G. Fuzzy mediation as a dynamic extension to information fusion. *10th International Conference on Information Fusion (FUSION 2007), IEEE, pp. 1–7. Doc 4408083. Cited by 2–3.",,,verified,[IEEE] [UCB] [GS],https://doi.org/10.1109/ICIF.2007.4408083,doi,✅
Conference paper,AI in Education & Assessment; HCI & Virtual Environments,2007,"Braman, J., Jinman, A., & Trajkovski, G. Exploring virtual worlds as an extension to classroom learning. In Shoniregun, C. A., & Logvynovskiy, A. (Eds.), *Proc. International Conference on Information Society (i-Society 2007), pp. 82–86. London: e-Centre for Infonomics. (Merrillville, IN, Oct 7–11, 2007.)",,,verified,[WEB],,none,"✅ new — web-confirmed; distinct from the AAAI ""Towards a virtual classroom"" paper (this is the ""2007a"" i-Society paper, that is ""2007b"")"
Conference paper (AAAI symposium),Multi-Agent Systems & Emergence; Cognitive Science & Interactivism,2014,"Trajkovski, G., & Sibley, B. Emotional context in imitation-based learning in multi-agent societies. *AAAI Fall Symposia 2014*.",AAAI,FSS14/9229,verified,[DBLP],,none,
Conference paper (AAAI symposium),Multi-Agent Systems & Emergence; Cognitive Science & Interactivism,2008,"Vincenti, G., Braman, J., & Trajkovski, G. Hybrid emotionally aware mediated agent architecture for human-assistive technologies. *AAAI Spring Symposium: Emotion, Personality, and Social Behavior 2008*, pp. 148–.",AAAI,ss08-04-023,verified,[DBLP],,none,
Conference paper (AAAI symposium),AI in Education & Assessment; Multi-Agent Systems & Emergence; HCI & Virtual Environments,2007,"Braman, J., Jinman, A., & Trajkovski, G. Towards a virtual classroom: Investigating education in synthetic worlds. *AAAI Fall Symposium: Emergent Agents and Socialities 2007*, pp. 19–24.",AAAI,fs07-04-004,verified,[DBLP],,none,
Conference paper (AAAI symposium),Multi-Agent Systems & Emergence,2007,"Conover, A. J., & Trajkovski, G. P. Effects of temporally asynchronous interaction on simple multi-agent behavior. *AAAI FS: Emergent Agents and Socialities 2007*, pp. 35–42.",AAAI,fs07-04-006,verified,[DBLP],,none,
Conference paper (AAAI symposium),Multi-Agent Systems & Emergence; AI Security & Adversarial ML,2007,"Richardson, T., & Trajkovski, G. A social agent-based approach to intrusion detection systems. *AAAI FS: Emergent Agents and Socialities 2007*, pp. 72–77.",AAAI,fs07-04-011,verified,[DBLP],,none,
Conference paper (AAAI symposium),Multi-Agent Systems & Emergence; Fuzzy Systems,2007,"Vincenti, G., & Trajkovski, G. Analysis of different mediation equations and tightness of control... in a fuzzy mediation environment. *AAAI FS: Emergent Agents and Socialities 2007*, pp. 94–100.",AAAI,fs07-04-014,verified,[DBLP],,none,
Conference paper (AAAI symposium),Multi-Agent Systems & Emergence,2007,"Vincenti, G., Braman, J., & Trajkovski, G. Emotion-based framework for multi-agent coordination and individual performance in a goal-directed environment. *AAAI FS: Emergent Agents and Socialities 2007*, pp. 101–107.",AAAI,fs07-04-015,verified,[DBLP],,none,
Conference paper (AAAI symposium),Multi-Agent Systems & Emergence,2006,"Trajkovski, G., Collins, S. G., Braman, J., & Goldberg, M. Coupling human and non-human agents. *AAAI FS: Interaction and Emergent Phenomena in Societies of Agents 2006*, pp. 31–35.",AAAI,fs06-05-006,verified,[DBLP],,none,
Conference paper (AAAI symposium),Multi-Agent Systems & Emergence; Cognitive & Developmental Robotics,2006,"Collins, S. G., & Trajkovski, G. Robot without organs? Assemblage, agency and networked sociality in human-robot interaction. *AAAI FS 2006*, pp. 67–73.",AAAI,fs06-05-011,verified,[DBLP],,none,
Conference paper (AAAI symposium),AI in Education & Assessment; Fuzzy Systems,2006,"Vincenti, G., & Trajkovski, G. Fuzzy mediation for online learning in autonomous agents. *AAAI FS 2006*, pp. 127–133.",AAAI,fs06-05-019,verified,[DBLP],,none,
Conference paper (AAAI symposium),AI in Education & Assessment; Cognitive & Developmental Robotics,2006,"Vincenti, G., & Trajkovski, G. Creating an elastic robotics framework for education and research. *AAAI FS 2006*, pp. 141–147.",AAAI,fs06-05-021,verified,[DBLP],,none,
Conference paper (AAAI symposium),Cognitive & Developmental Robotics,2006,"Dabirsiaghi, A., & Trajkovski, G. Navigational map learning by context chaining and abstraction. *AAAI FS 2006*, pp. 172–179.",AAAI,fs06-05-025,verified,[DBLP],,none,
Conference paper (AAAI symposium),Cognitive Science & Interactivism,2006,"Hill, ..., & Trajkovski, G. PatternDiviner: A pattern recognition tool. *AAAI FS 2006*, pp. ~180+.",AAAI,fs06-05-026,verified,[DBLP],,none,
Book chapter,AI Ethics & Society; Research Administration & Higher-Ed Leadership,2025,"Empowering research through strategic administration. In *IRB, Human Research Protections, and Data Ethics*. IGI Global.",,,self-reported,[CV],,none,📋
Book chapter,AI in Education & Assessment; Data Science & Learning Analytics; HCI & Virtual Environments,2024,"Trajkovski, G., & Fabregat Rodergas, E. Contemporary issues and framings in crowdsourced education dialogue. In Braman, Brown, & Richards (Eds.), *Reshaping Learning with Next Generation Educational Technologies*, pp. 45–61. IGI Global. DOI 10.4018/979-8-3693-1310-7.ch003.",,,verified,[Springer],https://doi.org/10.4018/979-8-3693-1310-7.ch003,doi,✅ authorship confirmed
Book chapter,AI in Education & Assessment,2023,"Hayes, H., Trajkovski, G., & Demeter, M. It's all about context: Differential item functioning in IT performance assessments. In *Designing Context-Rich Learning by Extending Reality* (ch. 6), pp. 90–115. IGI Global. DOI 10.4018/978-1-6684-7644-4.ch006.",,,verified,[IGI],https://doi.org/10.4018/978-1-6684-7644-4.ch006,doi,✅ DOI + author order confirmed
Book chapter,AI in Education & Assessment,2023,"Trajkovski, G., & Braun, J. Defining the context-rich learning framework. In *Designing Context-Rich Learning by Extending Reality* (ch. 1), pp. 1–21. IGI Global. DOI 10.4018/978-1-6684-7644-4.ch001.",,,verified,[IGI],https://doi.org/10.4018/978-1-6684-7644-4.ch001,doi,✅
Book chapter,AI in Education & Assessment; Data Science & Learning Analytics,2022,Identifying structure in program-level competencies and skills. In *Applying Data Science... (ch. 10). IGI Global. DOI 10.4018/978-1-7998-9644-9.ch010.,,,verified,[IGI],https://doi.org/10.4018/978-1-7998-9644-9.ch010,doi,✅ chapter number confirmed
Book chapter,AI in Education & Assessment; Cognitive Science & Interactivism; Data Science & Learning Analytics,2022,Don't @ me: A study of the perception of Twitter users of educational offerings. In *Applying Data Science... (ch. 11). IGI Global. DOI 10.4018/978-1-7998-9644-9.ch011.,,,verified,[IGI],https://doi.org/10.4018/978-1-7998-9644-9.ch011,doi,✅ chapter number confirmed
Book chapter,AI in Education & Assessment; AI Ethics & Society,2022,"Trajkovski, G., Killian, R. L., & Coen, S. Bridging the gaps between higher education, industry, and the learner: The skills-first approach. In *Handbook of Research on Future of Work and Education* (ch. 17), pp. 282–298. IGI Global. DOI 10.4018/978-1-7998-8275-6.ch017.",,,verified,[IGI],https://doi.org/10.4018/978-1-7998-8275-6.ch017,doi,✅
Book chapter,AI in Education & Assessment,2018,"Berzinski, P. A., & Trajkovski, G. Future trends in global online learning. In Takooshian, H., Gielen, U. P., Denmark, F. L., & O'Roark, A. M. (Eds.), *Resources for International Psychology: 75 Years of the International Council of Psychologists*, pp. 232–241. New York: Global Scholarly Publications.",,,verified,[WEB] [CV],,none,"✅ new — web-confirmed (fills the 2018 gap; Berzinski 1964–2017, Tranquility49 PR; Trajkovski as CEO, Algoco eLearning). Chapter forecasts top-5 online-ed tech trends."
Book chapter,AI in Education & Assessment; Fuzzy Systems,2009,"Vincenti, G., & Trajkovski, G. Fuzzy mediation in shared control and online learning. In Król, D., & Nguyen, N. T. (Eds.), *Intelligence Integration in Distributed Knowledge Management* (ch. XVI). IGI Global.",,,verified,[WEB] [CV],,none,✅ new — web-confirmed authorship & chapter no. (Vincenti = Gruppo Vincenti; Trajkovski = South University). Pages TBD on the IGI TOC.
Book chapter,Cognitive Science & Interactivism; Data Science & Learning Analytics,2022,"Mind the gap: From typical LMS traces to learning to learn journeys. In *Applying Data Science..., pp. 1–26. IGI Global.",,,flagged,[IGI],,none,"⚠️ NOT Trajkovski-authored — by Kent, Akanji, du Boulay et al. (chapter *in* your edited volume). Remove from authored list."
Book chapter,Data Science & Learning Analytics,2022,A storied approach to learning data analytics in a graduate data analytics program. In *Applying Data Science... (ch. 9). IGI Global. DOI 10.4018/978-1-7998-9644-9.ch009.,,,verified,[IGI],https://doi.org/10.4018/978-1-7998-9644-9.ch009,doi,✅ new; confirmed authored
Book chapter,Multi-Agent Systems & Emergence,2009,Mapping hybrid agencies through multiagent systems. In *Handbook of Research on Agent-Based Societies* (ch. 15). IGI Global. DOI 10.4018/978-1-60566-236-7.ch015.,,,verified,[IGI],https://doi.org/10.4018/978-1-60566-236-7.ch015,doi,✅ new; with Collins
Book chapter,AI in Education & Assessment; Diversity in Computing Education; Multi-Agent Systems & Emergence; AI Security & Adversarial ML,2006,"Attack of the rainbow bots: Generating diversity through multi-agent systems (with S. Collins). In *Diversity in IT Education* (ch. 10). IGI Global. (Also reprinted in *Intelligent Information Technologies* CMTA, ch. 2, and *Machine Learning* CMTA.)",,,verified,[IGI],,none,✅
Book chapter,Prompt Engineering & Human-Centered AI; Cognitive Science & Interactivism,2010,"Interactions in context-zero: Towards conceptual adaptation through the Izbushka agent. In *Developments in Intelligent Agent Technologies..., pp. 153–167. IGI Global.",,,flagged,[UCB],,none,"⚠️ NOT Trajkovski-authored — the Developments TOC bylines this chapter to James Braman (solo); it's a chapter *in* Trajkovski's edited volume. Remove from authored list (same editor-name-attached-to-chapter artifact as ""Mind the gap"")."
Book chapter,Multi-Agent Systems & Emergence; AI Security & Adversarial ML,2009,"Agents in security: A look at the use of agents in host-based monitoring and protection and network intrusion detection. In *Handbook of Research on Agent-Based Societies*, pp. 325–340. IGI Global.",,,verified,[UCB],,none,✅
Book chapter,AI in Education & Assessment; Diversity in Computing Education; Multi-Agent Systems & Emergence; AI Security & Adversarial ML,2008,"Attack of the rainbow bots: Generating diversity through multi-agent systems (with S. Collins). In *Intelligent Information Technologies: Concepts, Methodologies, Tools, and Applications*, Vol. 1, pp. 8–43. IGI Global. (Also in *Diversity in IT Education*, 2006, pp. 196–241.)",,,verified,[UCB],,none,✅
Book chapter,AI in Education & Assessment; Diversity in Computing Education; Healthcare Data & AI,2006,"Tessellations: A tool for diversity infusions in the curriculum (Sarhangi, R., Trajkovski, G., & Meiselwitz, G.). In *Diversity in IT Education*, pp. 262–279. IGI Global.",,,verified,[UCB],,none,✅
Book chapter,AI in Education & Assessment; Diversity in Computing Education; Healthcare Data & AI,2006,"Training faculty for diversity infusion in the IT curriculum. In *Diversity in IT Education* (ch. 13), pp. 280–309. IGI Global.",,,verified,[IGI] [UCB],,none,✅ — single chapter; the ch.13 and pp.280–309 records are the same work (merged 2026-07)
Book chapter,Fuzzy Systems; Cognitive Science & Interactivism,2004,"Trajkovski, G. Fuzzy sets in investigation of human cognition processes. In Abraham, Jain, & van der Zwaag (Eds.), *Innovations in Intelligent Systems* (Studies in Fuzziness and Soft Computing, Vol. 140), pp. 361–379. Springer. DOI 10.1007/978-3-540-39615-4_15.",,,verified,[Springer],https://doi.org/10.1007/978-3-540-39615-4_15,doi,✅ DOI + editors confirmed; ties to the CNV/DCNV brain-wave work
Book chapter (Palgrave 2025),AI in Education & Assessment,2025,Foundations of AI in Educational Assessment,Palgrave Macmillan,ch 1 _1 (confirmed),verified,[Springer],https://doi.org/10.1007/978-3-031-88252-4_1,doi,Trajkovski & Hayes
Book chapter (Palgrave 2025),AI in Education & Assessment,2025,The AI-Assisted Assessment Creation Framework,Palgrave Macmillan,ch — (confirm N on Springer TOC),verified,[Springer],,none,Trajkovski & Hayes
Book chapter (Palgrave 2025),AI in Education & Assessment,2025,Innovative Question Types and Formats,Palgrave Macmillan,ch — (confirm N),verified,[Springer],,none,Trajkovski & Hayes
Book chapter (Palgrave 2025),AI in Education & Assessment,2025,AI-Assisted Formative Assessment and Feedback,Palgrave Macmillan,ch — (confirm N),verified,[Springer],,none,Trajkovski & Hayes
Book chapter (Palgrave 2025),AI in Education & Assessment,2025,AI in Assessment Analysis and Improvement,Palgrave Macmillan,ch — (confirm N),verified,[Springer],,none,Trajkovski & Hayes
Book chapter (Palgrave 2025),AI in Education & Assessment,2025,AI in High-Stakes and Standardized Testing,Palgrave Macmillan,ch — (confirm N),verified,[Springer],,none,Trajkovski & Hayes
Book chapter (Palgrave 2025),AI in Education & Assessment,2025,Implementing AI-Assisted Assessment in Educational Institutions,Palgrave Macmillan,ch — (confirm N),verified,[Springer],,none,Trajkovski & Hayes
Book chapter (Palgrave 2025),AI in Education & Assessment,2025,Practical Guide: Implementing AI-Assisted Assessment,Palgrave Macmillan,ch — (confirm N),verified,[Springer],,none,Trajkovski & Hayes
Book chapter (Palgrave 2025),AI in Education & Assessment,2025,AI-Assisted Assessment for Diverse Learners,Palgrave Macmillan,ch — (confirm N),verified,[Springer],,none,Trajkovski & Hayes
Book chapter (Palgrave 2025),AI in Education & Assessment,2025,The Future of AI in Educational Assessment,Palgrave Macmillan,ch 9 _9 (confirmed),verified,[Springer],https://doi.org/10.1007/978-3-031-88252-4_9,doi,Trajkovski & Hayes
Patent/Grant,Data Science & Learning Analytics,2025,"Trajkovski, G. P., & Vaughn, B. K. Statistical output distribution modulation. US20250077185A1.",,,verified,[UCB],,none,"✅ indexed via Espacenet at UC Library Search, Open Access"
Patent/Grant,AI in Education & Assessment; HCI & Virtual Environments,—,"National Academies of Sciences (PI), federal contract: ""Evolving Concepts in Humans Inhabiting Simple Virtual Environments — A Dynamic System Approach""",,,self-reported,[CV],,none,📋 (full subtitle per CV)
Patent/Grant,AI in Education & Assessment,—,"National Science Foundation (Co-PI), federal contract: ""CS Undergraduate Research at Towson University,"" Program DUE-REU",,,self-reported,[CV],,none,📋 new
Patent/Grant,AI in Education & Assessment,—,"Department of Education Fulbright-Hays (Participant): ""Short-Term Studies in Bulgaria""",,,self-reported,[CV],,none,"📋 (role clarified: participant, not PI)"
Patent/Grant,AI in Education & Assessment; AI Security & Adversarial ML,—,OWASP Spring of Code (PI): The Scholastic Application Security Assessment Project,,,self-reported,[CV],,none,📋
Thought-leadership article,Research Administration & Higher-Ed Leadership,2024,"Indispensable Strategists: The Past, Present, and Bright Future of Research Administration (commissioned guest eBook)",Cayuse — live at cayuse.com/resources/indispensable-strategists-ebook; also cited as Trajkovski (2024a) in the Palgrave book's Springer reference list,,,✅ [WEB],https://cayuse.com/resources/indispensable-strategists-ebook,publisher,
Thought-leadership article,AI Ethics & Society,2023,"Empathy and algorithms: Balancing human dignity and data in research (Cayuse blog article summarizing the Connect 2023 presentation, developed with Dr. Robin Throne)",Cayuse,,,✅ [WEB],,none,
Thought-leadership article,Research Administration & Higher-Ed Leadership,2025,Building back better: How technical schools drive Puerto Rico's recovery,The evoLLLution,,,[CV],,none,
Thought-leadership article,AI Ethics & Society,2024,CTRL+ALT+TRANSFORM: Your role in the AI era,Cengage,,,[CV],,none,
Thought-leadership article,AI Ethics & Society,2024,HEART: Charting a humane AI course for HR professionals,HR Professionals Magazine / SHRM,,,[CV],https://hrprofessionalsmagazine.com/humane-ai-course-for-hr/,publisher,
Thought-leadership article,AI Ethics & Society,2024,Tech and (A)I: Upskill and move up,CHIEF,,,[CV],,none,
Thought-leadership article,AI in Education & Assessment; AI Ethics & Society,2024,AI's true face in higher education: 10 myths shattered,"The evoLLLution (URL cited in Springer refs, Oct 10, 2024)",,,✅ [WEB],,none,
Thought-leadership article,AI Ethics & Society,2024,When ancient wisdom meets byte-sized brilliance,"Cengage Blog (URL cited in Springer refs, Apr 8, 2024; also promoted via a LinkedIn post)",,,"✅ [WEB] — on Socratic inquiry × AI and personalized learning; part of the ""ancient wisdom → AI"" thread that also runs through the book *Mind Meets Machine* (§1) and the newsletter's ""The Socratic Prompt"" (issue 82)",,none,
Thought-leadership article,Prompt Engineering & Human-Centered AI; AI in Education & Assessment,2024,The future is now: How prompt engineering unlocks AI's potential for higher education,evoLLLution,,,[CV],,none,
Thought-leadership article,AI Ethics & Society,2023,Datafication and its discontents: Navigating human subject research,Cayuse,,,[CV],,none,
Thought-leadership article,AI in Education & Assessment; AI Ethics & Society,2023,"7 steps to identify and address bias in educational assessments (Hayes, Trajkovski, & Demeter, Mar 15, 2023)",evoLLLution (URL cited in Springer refs),,,✅ [WEB],,none,
Thought-leadership article,AI in Education & Assessment,2023,"Ctrl+Alt+Innovate: The radical shift of designers in the AI-driven classroom (Trajkovski & Walker, Sep 25, 2023)",evoLLLution (URL cited in Springer refs),,,✅ [WEB],,none,
Thought-leadership article,Workplace & Organizational Dynamics,2023,Navigating technological waves in the evolving HR workplace,HR Professionals Magazine,,,[CV],,none,
Thought-leadership article,AI in Education & Assessment,2022,Packaging the educational product for the digital economy,evoLLLution,,,[CV],,none,
Digital serial (series summary),Prompt Engineering & Human-Centered AI,2023–2026,A More Beautiful Prompt — LinkedIn newsletter (founder & sole author),,"108 issues published (Issue 1, Oct 14 2023 → Issue 108, Jul 7 2026; weekly in the recent run). Prompt-engineering × learning-theory essays. Named arcs: an ~18-part fairy-tale/folklore series, a learning-theory series, the Constellation Series (issues 94–99), and the Theory in the Loop arc (101–108). Companion to the 2023 book of the same name (§1b).",verified,[WEB] [CV],,none,"108 issues published (Issue 1, Oct 14 2023 → Issue 108, Jul 7 2026; weekly in the recent run). Prompt-engineering × learning-theory essays. Named arcs: an ~18-part fairy-tale/folklore series, a learning-theory series, the Constellation Series (issues 94–99), and the Theory in the Loop arc (101–108). Companion to the 2023 book of the same name (§1b)."
Digital serial (series summary),Prompt Engineering & Human-Centered AI; AI Fiction & Narrative,2023–2024,Artie's Journey — Medium serial (medium.com/@goran.trajkovski),,"16 stories (Nov 19 2023 → Sep 17 2024). AI-fiction companion to *A More Beautiful Prompt*: an AI (""Artie"") learning emotional & social intelligence through human mentors, each story mapped to the book's HINT method.",verified,[WEB],,none,"16 stories (Nov 19 2023 → Sep 17 2024). AI-fiction companion to *A More Beautiful Prompt*: an AI (""Artie"") learning emotional & social intelligence through human mentors, each story mapped to the book's HINT method."
Digital serial (series summary),Workplace & Organizational Dynamics,2026–,Substack (gorantrajkovski731014.substack.com) — weekly essay series,,"16 published + 8 scheduled + 1 draft (launched Mar 26 2026, weekly). ""The [Pattern]"" essays on workplace / organizational dynamics — a distinct theme from the newsletter and the Medium serial.",verified,[WEB],,none,"16 published + 8 scheduled + 1 draft (launched Mar 26 2026, weekly). ""The [Pattern]"" essays on workplace / organizational dynamics — a distinct theme from the newsletter and the Medium serial."
Presentation/Keynote,AI in Education & Assessment,2025,The agent and the assistant: Cultivating AI literacy,"AI4 Conference, MGM Grand, Las Vegas (Aug 11–13, 2025; 8,000+ attendees, 600+ speakers)",,,"📋 [CV] — independent capture pending: ai4.io speaker directory has rotated to 2027; verify via ai4.io/previous-speakers filter, the Ai4 2025 Swapcard agenda, or a LinkedIn post/photo from the session",,none,
Presentation/Keynote,AI Ethics & Society,2023,Empathy and algorithms: Balancing human dignity and data in research (with Dr. Robin Throne),Cayuse Connect Conference 2023,,,✅ [WEB] — confirmed by Cayuse's own blog recap of the presentation,,none,
Presentation/Keynote,AI in Education & Assessment,2025,Build-a-Future: Redefining academic writing and admissions in the AI era,"RNL National, Atlanta",,,[CV],,none,
Presentation/Keynote,AI in Education & Assessment,2025,Embracing the future: AI as a catalyst for connectivism learning ecosystems,"RNL National, Atlanta",,,[CV],,none,
Presentation/Keynote,AI in Education & Assessment,2024,AI-enhanced pedagogy: Guiding emerging technologies in higher education (keynote),Grand Canyon University,,,[CV],,none,
Presentation/Keynote,Research Administration & Higher-Ed Leadership,2024,The compliance compass: Navigating AI research regulations,Cayuse Connect 2024,,,[CV],,none,
Presentation/Keynote,AI in Education & Assessment,2024,Where is your L&D team on the AI adoption curve? (webinar),Training Industry,,,[CV],,none,
Presentation/Keynote,AI in Education & Assessment; AI Ethics & Society,2022,Identifying biases in performance assessments: A differential item functioning approach,"Assessment Institute, IUPUI",,,[CV],,none,
Presentation/Keynote,AI in Education & Assessment,2019,A recipe for meaningful assessment in online competency-based higher education,"Assessment Institute, IUPUI",,,[CV],,none,
Presentation/Keynote,AI in Education & Assessment,2018,A way forward: Mitigating gaps in performance assessments,Drexel University,,,[CV],,none,
Presentation/Keynote,Multi-Agent Systems & Emergence; Cognitive Science & Interactivism,2001,The World of Petitagés: An Imitation-Based Intrinsic Representation Interchange Conventions Approach to Modeling Homogenous Societies of Agents in the Interactivist-Expectative Theories,"1st Interactivist Summer Institute (ISI 2001), Bethlehem, PA",,,"[WEB] — title page/abstract in hand; byline not shown on page (Trajkovski; Stojanov likely co-author — confirm). ISI is a non-archival institute, so tracked as a presentation, not a published work.",,none,
Presentation/Keynote,AI in Education & Assessment; Diversity in Computing Education; Healthcare Data & AI,2003,"Getting Hooked and Inspired to Teach Diversity in Diversity-""Hostile"" Disciplines: How What Is Within Becomes Part of Your Curriculum","CCSC-NE 2003, Rhode Island, Apr 25–26",,,"[WEB] — slide deck in hand (Trajkovski, Towson). Presentation; no separate JCSC 18(5) paper surfaced — confirm whether it had a companion abstract, else it stays a talk (not counted as a work).",,none,
Presentation/Keynote,Multi-Agent Systems & Emergence; Cognitive & Developmental Robotics; Cognitive Science & Interactivism,2003,"IETAL, MASIVE, POPSICLE… The Sequence… (with G. Stojanov)","2nd Interactivist Summer Institute (ISI 2003), Copenhagen",,,"[WEB] — paper in hand; a synthesis of the IETAL theory / MASIVE system / POPSICLE experiments research line. ISI is non-archival → presentation, not a counted work.",,none,
Presentation/Keynote,AI in Education & Assessment; Diversity in Computing Education,2003,Getting Inspired: Diversity Resources on the Internet,Lilly Conference on College & University Teaching – East (Lilly East 2003),,,[WEB] — poster in hand (WVU-Parkersburg affiliation; content from the ~2001 WVU-P era). Built around the DIVERSE e-group (§10a).,,none,
Presentation/Keynote,AI in Education & Assessment; Diversity in Computing Education,2003,Diversity in Computing,Lilly Conference on College & University Teaching – East (Lilly East 2003),,,"[WEB] — poster in hand (WVU-Parkersburg); course-level diversity infusions (CS 101, CS 397, GBUS 397) + the DIVERSE e-group.",,none,
Presentation/Keynote,AI in Education & Assessment; Diversity in Computing Education; Healthcare Data & AI,2003,"Cultural Priorities: Plumbing as Paradigm (panel, with Sara Dumont, Dir. of Study Abroad, + a returned study-abroad student)","9th Annual Conference of the Towson University Multicultural Institute, Mar 6, 2003",,,"[WEB] — panel proposal in hand. Predates the 10th (2004) conference Trajkovski edited (§2); ties to the study-abroad / international-studies thread (cf. Fulbright-Hays Bulgaria, §8).",,none,
Presentation/Keynote,AI in Education & Assessment; Diversity in Computing Education; Healthcare Data & AI,2003,Being the New Kid on the Block: Experiences from Teaching as a Minority (panel proposal),"9th Annual Conference of the Towson University Multicultural Institute, Mar 6, 2003",,,"[WEB] — panel proposal in hand (Trajkovski). Companion to the ""Cultural Priorities"" panel at the *same* conference; frames teaching in math/natural-science (""diversity-hostile"") disciplines as the ""new kid on the block."" Part of the 2003 diversity-in-computing / teaching-as-a-minority thread. Non-archival → presentation, not a counted work.",,none,
Presentation/Keynote,Fuzzy Systems; Cognitive Science & Interactivism,2001–02,Context as a Fuzzy Lattice (with G. Stojanov),Interactivist Summer Institute (ISI; year uncertain — 2001 or 2002),,,"[WEB] — slide deck in hand (Trajkovski at WVU Parkersburg; Stojanov, Skopje). Presentation, not a published work.",,none,
Presentation/Keynote,AI in Education & Assessment; Diversity in Computing Education,2004,Diversity Infusion for Conflict Prevention: The Education Approach (with Darush Davani),"4th International Conference on Knowledge, Culture and Change in Organisations, University of Greenwich, London, Aug 3–6, 2004",,,"[WEB] — draft programme in hand (Trajkovski & Davani, Towson). International venue on the diversity-in-education thread (cf. the 2003–2006 diversity cluster in §5/§6). Logged as a presentation; the Common Ground series runs a companion journal (*Int'l Journal of Knowledge, Culture and Change Management*) — if a paper appeared there, it graduates to a journal article, so worth one check.",,none,
Presentation/Keynote,AI in Education & Assessment; Diversity in Computing Education,2004,"Teaching Computing, Teaching Diversity","USM (University System of Maryland) Diversity Conference, 2004",,,"[WEB] — conference abstract in hand (solo, Towson). Part of the 2003–2006 diversity-in-computing thread; opens ""Many of us teach diversity in one way or another, without even realizing or labeling it.""",,none,
Presentation/Keynote,AI in Education & Assessment; Cognitive & Developmental Robotics,2004,"Building Infrastructure for an Honors Research Robotics Lab (Julius Schlosburg & G. Trajkovski, research mentor)","Honors conference, New Orleans, 2004 (National Collegiate Honors Council–era honors venue)",,,"[WEB] — paper in hand (CARoL, Towson). **Student-led earlier version** of the 2005 IEEE SNPD paper (§5, pp. 352–357), which later added Whitman & Vincenti.",,none,
Presentation/Keynote,AI in Education & Assessment; Diversity in Computing Education,2005,Diversity Infusion in Graduate IT Courses: Classroom Experiences,"Yale–Bouchet Conference on Diversity in Graduate Education, Yale Graduate School, New Haven, CT, Apr 1–2, 2005",,,"[WEB] — submission cover sheet + abstract in hand (solo, oral presentation, ""Research""/""Sciences"" track). Draws on ~a decade teaching graduate IT courses across two countries and three institutions.",,none,
Presentation/Keynote,AI in Education & Assessment; Diversity in Computing Education; Multi-Agent Systems & Emergence; Workplace & Organizational Dynamics,2005,Autochthony Through Self-Organization: Diversity from Autopoiesis (with Samuel Collins),"Yale–Bouchet Conference on Diversity in Graduate Education, New Haven, CT, Apr 1–2, 2005",,,"[WEB] — submission in hand (oral presentation). Diversity-education-framed companion to the 2006 *New Ideas in Psychology* article ""Autochthony through self-organization: Interactivism and emergence in a virtual environment"" (§4) — shared title stem, different subtitle and framing.",,none,
Presentation/Keynote,AI in Education & Assessment; Diversity in Computing Education; Multi-Agent Systems & Emergence; Healthcare Data & AI,2005,Building the Other in the Classroom: Multiculturalism through Emergence (Samuel G. Collins & G. Trajkovski),"11th Annual Towson University Multicultural Institute Conference, ""The Arts as (Multi)Cultural Ambassador: Empowering the Creative Community,"" Mar 9, 2005 (session C2 ""Creative Cultural Pedagogy,"" mod. Mubina Kirmani)",,,"[WEB] — **program in hand** (Collins, Sociology/Anthropology/Criminal Justice; Trajkovski, CIS). Same underlying work as the Yale–Bouchet ""Autochthony / Diversity from Autopoiesis"" talk above (near-identical abstract) — retitled for the multicultural-conference venue. Continues the Collins–Trajkovski human/non-human-agents diversity-pedagogy line feeding the 2006 *New Ideas in Psychology* article (§4).",,none,
Professional service,Scholarly Service & Peer Review,,"Founding Editor-in-Chief, *International Journal of Agent Technologies and Systems* (IJATS), IGI/IDEA Group, 2008–2017 — see §3.",,,,[CV][UCB],,none,
Professional service,Scholarly Service & Peer Review,,"Featured reviewer, *ACM Computing Reviews* (reviewer ID 122940) — 110 published reviews, see §7b.",,,,[CR][CV],,none,
Professional service,Cognitive & Developmental Robotics; Scholarly Service & Peer Review,,"Reviewer, *ALA CHOICE* magazine (American Library Association) — confirmed example: review of Bajd, Mihelj, Stanovnik & Munih, *Robotics* (Springer), in *CHOICE* 47(11), July 2010. A published-review venue distinct from Computing Reviews (§7b).",,,,[WEB][CV],,none,
Professional service,AI in Education & Assessment; Diversity in Computing Education; Healthcare Data & AI; Scholarly Service & Peer Review,,"Founder & moderator, DIVERSE (DIVersity in Education ReSource Exchange) — an online e-group / cyber-community for university educators to exchange diversity-in-curriculum ideas and resources; hosted at WVU Parkersburg (~2001–2003). Outreach/service tied to the 2003 diversity-teaching posters (§10).",,,,[WEB],,none,
Professional service,Scholarly Service & Peer Review,,"Program committee member, AAAI symposia (ongoing).",,,,[CV],,none,
Professional service,Scholarly Service & Peer Review,,"Reviewer, NASA Postdoctoral Program (NPP).",,,,[CV],,none,
Professional service,Scholarly Service & Peer Review,,"Judge, CODiE Awards (SIIA — Software & Information Industry Association).",,,,[CV],,none,
Professional service,Scholarly Service & Peer Review,,"Panel reviewer, National Science Foundation (NSF).",,,,[CV],,none,
Professional service,AI in Education & Assessment; Research Administration & Higher-Ed Leadership; Scholarly Service & Peer Review,,"Accreditation evaluator / site-visit team member — ACCSC (Accrediting Commission of Career Schools and Colleges), ACE (American Council on Education), MSCHE (Middle States Commission on Higher Education), and ABET.",,,,[CV],,none,
Professional service,Multi-Agent Systems & Emergence; Workplace & Organizational Dynamics; Scholarly Service & Peer Review,,"Chair, AAAI Fall Symposium ""Emergent Agents and Socialities: Social and Organizational Aspects of Intelligence,"" Washington, DC (Arlington, VA), Nov 8–11, 2007 — proceedings edited, §2. (corroborated)",,,verified,[CV],,none,
Professional service,Multi-Agent Systems & Emergence; Scholarly Service & Peer Review,,"Chair, AAAI Fall Symposium ""Interaction and Emergent Phenomena in Societies of Agents,"" Washington, DC, Oct 2006 — proceedings edited (FS-06-05), §2. Full organizing committee (per the AAAI Call for Participation): Trajkovski & Collins (co-chairs, Towson); Georgi Stojanov (American University in Paris); Michael J. North (Argonne National Labs); Laszlo Gulyas (AITIA International, Hungary). (corroborated)",,,verified,[CV][WEB],,none,
Professional service,Cognitive Science & Interactivism; Computational Creativity & Arts; Scholarly Service & Peer Review,,"Organizing committee, AAAI 2013 Spring Symposium on Creativity and (Early) Cognitive Development.",,,,[CV],,none,
Professional service,Cognitive & Developmental Robotics; Healthcare Data & AI; Computational Creativity & Arts; Scholarly Service & Peer Review,,"Organizing committee, Artificial Creativity, Developmental AI and Robotics Conference, Stanford University, March 25–27, 2013.",,,,[CV],,none,
Professional service,AI in Education & Assessment; Scholarly Service & Peer Review,,"Program Co-chair, DET '06 (Distance Educational Technologies), Grand Canyon, AZ, August 2006.",,,,[CV],,none,
Professional service,Scholarly Service & Peer Review,,"Session chair, ""Agents 2"" track (Session TA3), *IDEAL 2002* (Intelligent Data Engineering and Automated Learning), Manchester, UK, Aug 13, 2002. — programme in hand.",,,,[WEB],,none,
Professional service,AI in Education & Assessment; Diversity in Computing Education; Healthcare Data & AI; Scholarly Service & Peer Review,,"Conference co-chair, 10th Annual Towson University Multicultural Conference, ""Defining the Dimensions of Diversity,"" Towson University, March 17, 2004 (with Yvonne Hardy-Phillips); edited the proceedings (§2) and member, Multicultural Institute planning committee. — earliest documented organizing role; seedbed for the 2006 *Diversity in IT Education* line.",,,,[WEB],,none,
Professional service,Cognitive & Developmental Robotics; Cognitive Science & Interactivism; HCI & Virtual Environments; Scholarly Service & Peer Review,,"1st ISI 2001 (Bethlehem, PA) · 2nd ISI 2003 (Copenhagen, DK) · 3rd ISI 2005 (Clemson, SC) · 4th ISI 2007 (Paris, France). — anchors the interactivism-community involvement behind the 2006 *New Ideas in Psychology* papers. Affiliate of the Institute for Interactivist Studies, Lehigh University (per IGI author bio ). Also: founding director of the Towson Cognitive Agency and Robotics Laboratory (CARoL), est. May 2003 (later given a Second Life virtual campus).",,,,[CV][WEB],,none,
Professional service,AI in Education & Assessment; Cognitive & Developmental Robotics; Cognitive Science & Interactivism; Scholarly Service & Peer Review,,"Presenter/workshop leader, 2004 Maryland MESA Precollege Career Fair, Feb 20, 2004 (Maryland MESA = Mathematics, Engineering, Science Achievement; administered via the Johns Hopkins University Applied Physics Laboratory, Laurel, MD). Ran a hands-on robotics workshop for middle- and high-school students using commercial robotics products plus custom builds on the LEGO Mindstorms and BrainStem PPPK platforms. — presenter registration form in hand; corroborates the LEGO-robotics / CARoL line (§5, 2004).",,,,[WEB],,none,
Professional service,AI in Education & Assessment; Cognitive & Developmental Robotics; Cognitive Science & Interactivism; Scholarly Service & Peer Review,,"Faculty advisor/mentor, Council of University System Faculty (CUSF) Student Research Day, Annapolis, MD, 2005 — students Julius Schlosburg & Brian Whitman, project ""Developing a Cognitive Robotics Platform for the POPSICLE experiment."" — proposal in hand. CARoL student-mentorship documenting the POPSICLE cognitive-robotics platform; ties to the Honors Research Robotics Lab papers (2004 New Orleans → 2005 IEEE SNPD, §5/§10) and the POPSICLE cluster (§11).",,,,[WEB],,none,
Computing Review,Healthcare Data & AI; Scholarly Service & Peer Review,2024-09-11,"Review of: ""Industry 4.0 and healthcare: impact of artificial intelligence""",ACM Computing Reviews,"Book: Mishra A., Lin J. Springer International Publishing, New York, NY, 2023. 251 pp. Book (9789819919482)",published,[CR],,none,CR review #1; reviewed Sep 11 2024
Computing Review,e-Business & Commerce; Scholarly Service & Peer Review,2024-06-13,"Review of: ""Artificial intelligence applications in banking and financial services: anti money laundering and compliance""",ACM Computing Reviews,"Book: Gupta A., Dwivedi D., Shah J. Springer International Publishing, Cham, Switzerland, 2023. 156 pp. Book (9819925703)",published,[CR],,none,CR review #2; reviewed Jun 13 2024
Computing Review,Cognitive Science & Interactivism; Scholarly Service & Peer Review,2024-06-03,"Review of: ""Conversations on African philosophy of mind, consciousness and artificial intelligence""",ACM Computing Reviews,"Book: Attoe A., Segun S., Nweke V., Ezugwu U., Chimakonam J. Springer International Publishing, Cham, Switzerland, 2023. 209 pp. Book (3031361628)",published,[CR],,none,CR review #3; reviewed Jun 3 2024
Computing Review,HCI & Virtual Environments; Scholarly Service & Peer Review,2024-02-29,"Review of: ""The structure of game design""",ACM Computing Reviews,"Book: Wang W. Springer International Publishing, Cham, Switzerland, 2023. 298 pp. Book (3031322010)",published,[CR],,none,CR review #4; reviewed Feb 29 2024
Computing Review,Cognitive Science & Interactivism; Healthcare Data & AI; Scholarly Service & Peer Review,2022-05-30,"Review of: ""Mind over matter and artificial intelligence: building employee mental fitness for organisational success""",ACM Computing Reviews,"Book: Athota V. Palgrave Macmillan, New York, NY, 2021. 78 pp. Book (978-9-811604-81-2)",published,[CR],,none,CR review #5; reviewed May 30 2022
Computing Review,Scholarly Service & Peer Review,2015-05-27,"Review of: ""Formative processes with applications to the decision problem in set theory: II. Powerset and singleton operators, finiteness predicate""",ACM Computing Reviews,"Article: Cantone D., Ursino P. Information and Computation 237, 215–242, 2014. Article",published,[CR],,none,CR review #6; reviewed May 27 2015
Computing Review,Data Science & Learning Analytics; Scholarly Service & Peer Review,2015-05-26,"Review of: ""Behavior-based clustering and analysis of interestingness measures for association rule mining""",ACM Computing Reviews,"Article: Tew C., Giraud-Carrier C., Tanner K., Burton S. Data Mining and Knowledge Discovery 28(4):1004–1045, 2014. Article",published,[CR],,none,CR review #7; reviewed May 26 2015
Computing Review,"Formal Methods, Automata & Theory; Scholarly Service & Peer Review",2015-02-26,"Review of: ""On integrating confidentiality and functionality in a formal method""",ACM Computing Reviews,"Article: Banks M., Jacob J. Formal Aspects of Computing 26(5):963–992, 2014. Article",published,[CR],,none,CR review #8; reviewed Feb 26 2015
Computing Review,"Formal Methods, Automata & Theory; Scholarly Service & Peer Review",2015-02-02,"Review of: ""Answering regular path queries in expressive description logics via alternating tree-automata""",ACM Computing Reviews,"Article: Calvanese D., Eiter T., Ortiz M. Information and Computation 237, 12–55, 2014. Article",published,[CR],,none,CR review #9; reviewed Feb 2 2015
Computing Review,AI Ethics & Society; HCI & Virtual Environments; Scholarly Service & Peer Review,2015-01-27,"Review of: ""Values at play in digital games""",ACM Computing Reviews,"Book: Flanagan M., Nissenbaum H. The MIT Press, Cambridge, MA, 2014. 224 pp. Book (978-0-262027-66-3)",published,[CR],,none,CR review #10; reviewed Jan 27 2015
Computing Review,HCI & Virtual Environments; Scholarly Service & Peer Review,2015-01-13,"Review of: ""ReviewCollage: a mobile interface for direct comparison using online reviews""",ACM Computing Reviews,"Proceedings: Jin H., Sakai T., Yatani K. MobileHCI 2014 (Toronto, ON, Canada, Sep 23–26, 2014), 349–358, 2014. Proceedings",published,[CR],,none,CR review #11; reviewed Jan 13 2015
Computing Review,HCI & Virtual Environments; Scholarly Service & Peer Review,2014-11-06,"Review of: ""Virtual economies: design and analysis""",ACM Computing Reviews,"Book: Lehdonvirta V., Castronova E. The MIT Press, Cambridge, MA, 2014. 312 pp. Book (978-0-262027-25-0)",published,[CR],,none,CR review #12; reviewed Nov 6 2014
Computing Review,Cognitive & Developmental Robotics; Cognitive Science & Interactivism; HCI & Virtual Environments; Scholarly Service & Peer Review,2014,"Review of: ""Improving skills and perception in robot navigation by an augmented virtuality assistance system""",ACM Computing Reviews,"Article: Sanguino T., Márquez J., et al",published,[CR],,none,CR review #13; reviewed 2014 (journal article)
Computing Review,Cognitive & Developmental Robotics; Cognitive Science & Interactivism; Workplace & Organizational Dynamics; Scholarly Service & Peer Review,2014-10-14,"Review of: ""Cognitive modeling of socially transmitted affordances: a computational model of behavioral adoption tested against archival data from the Stanford prison experiment""",ACM Computing Reviews,"Article: Nye B. Computational & Mathematical Organization Theory 20(3):302–337, 2014. Article",published,[CR],,none,CR review #14; reviewed Oct 14 2014
Computing Review,Cognitive & Developmental Robotics; Scholarly Service & Peer Review,2014-08-27,"Review of: ""Acceptance of socially assistive humanoid robot by preschool and elementary school teachers""",ACM Computing Reviews,"Article: Fridin M., Belokopytov M. Computers in Human Behavior 33, 23–31, 2014. Article",published,[CR],,none,CR review #15; reviewed Aug 27 2014
Computing Review,Cognitive Science & Interactivism; Scholarly Service & Peer Review,2014-07-02,"Review of: ""Engineering general intelligence, part 1: a path to advanced AGI via embodied learning and cognitive synergy""",ACM Computing Reviews,"Book: Goertzel B., Pennachin C., Geisweiller N. Atlantis Publishing, Paris, France, 2014. 450 pp. Book (978-9-462390-26-3)",published,[CR],,none,CR review #16; reviewed Jul 2 2014
Computing Review,AI Security & Adversarial ML; Scholarly Service & Peer Review,2014-06-05,"Review of: ""On (k, n)""",ACM Computing Reviews,"Article: visual cryptography scheme* — Arumugam S., Lakshmanan R., Nagar A. Designs, Codes and Cryptography 71(1):153–162, 2014. Article",published,[CR],,none,CR review #17; reviewed Jun 5 2014
Computing Review,e-Business & Commerce; Scholarly Service & Peer Review,2014-06-16,"Review of: ""Planning of business process execution in business process management environments""",ACM Computing Reviews,"Article: Bae H., Lee S., Moon I. Information Sciences 268, 357–369, 2014. Article",published,[CR],,none,CR review #18; reviewed Jun 16 2014
Computing Review,Scholarly Service & Peer Review,2014-05-16,"Review of: ""Many hands make light work: further studies in group evolution""",ACM Computing Reviews,"Article: Tomko N., Harvey I., Virgo N., Philippides A. Artificial Life 20(1):163–181, 2014. Article",published,[CR],,none,CR review #19; reviewed May 16 2014
Computing Review,"Formal Methods, Automata & Theory; Scholarly Service & Peer Review",2014-04-16,"Review of: ""On kinetic Delaunay triangulations: a near quadratic bound for unit speed motions""",ACM Computing Reviews,"Proceedings: Rubin N. FOCS 2013 (Berkeley, CA, Oct 26–29, 2013), 519–528, 2013. Proceedings",published,[CR],,none,CR review #20; reviewed Apr 16 2014
Computing Review,e-Business & Commerce; Scholarly Service & Peer Review,2014-04-18,"Review of: ""Handbook of strategic e-business management""",ACM Computing Reviews,"Book: Martínez-López F. Springer, Berlin, Germany, 2014. 980 pp. Book (978-3-642397-46-2)",published,[CR],,none,CR review #21; reviewed Apr 18 2014
Computing Review,AI Security & Adversarial ML; Scholarly Service & Peer Review,2014-03-25,"Review of: ""Spam: a shadow history of the Internet""",ACM Computing Reviews,"Book: Brunton F. The MIT Press, Cambridge, MA, 2013. 296 pp. Book (978-0-262018-87-6)",published,[CR],,none,CR review #22; reviewed Mar 25 2014
Computing Review,Scholarly Service & Peer Review,2014-02-11,"Review of: ""Social computing: an AI perspective""",ACM Computing Reviews,"Article: Zeng D. IEEE Intelligent Systems 28(3):2–5, 2013. Article",published,[CR],,none,CR review #23; reviewed Feb 11 2014
Computing Review,Scholarly Service & Peer Review,2014-01-14,"Review of: ""Domain-specific modeling languages to improve framework instantiation""",ACM Computing Reviews,"Article: Viana M., Penteado R., do Prado A. Journal of Systems and Software 86(12):3123–3139, 2013. Article",published,[CR],,none,CR review #24; reviewed Jan 14 2014
Computing Review,HCI & Virtual Environments; Scholarly Service & Peer Review,2013-12-02,"Review of: ""Let's keep in touch online: a Facebook aware virtual human interface""",ACM Computing Reviews,"Article: Liu G., Choudhary S., Zhang J., Magnenat-Thalmann N. The Visual Computer 29(9):871–881, 2013. Article",published,[CR],,none,CR review #25; reviewed Dec 2 2013
Computing Review,HCI & Virtual Environments; Scholarly Service & Peer Review,2013-10-22,"Review of: ""Scale based model for the psychology of crowds into virtual environments""",ACM Computing Reviews,"Proceedings: Tschirhart F. VRIC 2013 (Laval, France, Mar 20–22, 2013), 1–8, 2013. Proceedings",published,[CR],,none,CR review #26; reviewed Oct 22 2013
Computing Review,Scholarly Service & Peer Review,2013-10-21,"Review of: ""Multi-criteria expertness based cooperative Q-learning""",ACM Computing Reviews,"Article: Pakizeh E., Palhang M., Pedram M. Applied Intelligence 39(1):28–40, 2013. Article",published,[CR],,none,CR review #27; reviewed Oct 21 2013
Computing Review,Scholarly Service & Peer Review,2013-08-22,"Review of: ""Credibilistic programming: an introduction to models and applications""",ACM Computing Reviews,"Book: Li X. Springer, New York, NY, 2013. 153 pp. Book (978-3-642363-75-7)",published,[CR],,none,CR review #28; reviewed Aug 22 2013
Computing Review,Fuzzy Systems; AI Ethics & Society; e-Business & Commerce; Scholarly Service & Peer Review,2012-12-13,"Review of: ""Robust possibilistic programming for socially responsible supply chain network design: a new approach""",ACM Computing Reviews,"Article: Pishvaee M., Razmi J., Torabi S. Fuzzy Sets and Systems 206, 1–20, 2012. Article",published,[CR],,none,CR review #29; reviewed Dec 13 2012
Computing Review,Cognitive Science & Interactivism; Scholarly Service & Peer Review,2013-02-15,"Review of: ""The explanatory role of computation in cognitive science""",ACM Computing Reviews,"Article: Fresco N. Minds and Machines 22(4):353–380, 2012. Article",published,[CR],,none,CR review #30; reviewed Feb 15 2013
Computing Review,Scholarly Service & Peer Review,2012-11-26,"Review of: ""Influences of motives to play and time spent gaming on the negative consequences of adolescent online computer gaming""",ACM Computing Reviews,"Article: Hellström C., Nilsson K., Leppert J., Åslund C. Computers in Human Behavior 28(4):1379–1387, 2012. Article",published,[CR],,none,CR review #31; reviewed Nov 26 2012
Computing Review,"Formal Methods, Automata & Theory; Scholarly Service & Peer Review",2012-05-24,"Review of: ""The algebra of set functions I: the product theorem and duality""",ACM Computing Reviews,"Article: Lass B. European Journal of Combinatorics 33(2):227–236, 2012. Article",published,[CR],,none,CR review #32; reviewed May 24 2012
Computing Review,Cognitive Science & Interactivism; Healthcare Data & AI; Scholarly Service & Peer Review,2012-05-15,"Review of: ""Identification of deep sleep and awake with computational EEG measures""",ACM Computing Reviews,"Article: Huupponen E., Kulkas A., Saastamoinen A., Tenhunen M., Himanen S. Journal of Medical Systems 35(6):1413–1420, 2011. Article",published,[CR],,none,CR review #33; reviewed May 15 2012
Computing Review,"Formal Methods, Automata & Theory; Scholarly Service & Peer Review",2012-05-14,"Review of: ""Case studies of successful train crew scheduling optimisation""",ACM Computing Reviews,"Article: Kwan R. Journal of Scheduling 14(5):423–434, 2011. Article",published,[CR],,none,CR review #34; reviewed May 14 2012
Computing Review,AI in Education & Assessment; Scholarly Service & Peer Review,2012-02-15,"Review of: ""Evaluating and improving adaptive educational systems with learning curves""",ACM Computing Reviews,"Article: Martin B., Mitrovic A., Koedinger K., Mathan S. User Modeling and User-Adapted Interaction 21(3):249–283, 2011. Article",published,[CR],,none,CR review #35; reviewed Feb 15 2012
Computing Review,Fuzzy Systems; Scholarly Service & Peer Review,2011-12-29,"Review of: ""A hierarchical structure of observer-based adaptive fuzzy-neural controller for MIMO systems""",ACM Computing Reviews,"Article: Li I., Lee L. Fuzzy Sets and Systems 185(1):52–82, 2011. Article",published,[CR],,none,CR review #36; reviewed Dec 29 2011
Computing Review,"Formal Methods, Automata & Theory; Scholarly Service & Peer Review",2011-11-03,"Review of: ""Counting extensional acyclic digraphs""",ACM Computing Reviews,"Article: Policriti A., Tomescu A. Information Processing Letters 111(16):787–791, 2011. Article",published,[CR],,none,CR review #37; reviewed Nov 3 2011
Computing Review,Scholarly Service & Peer Review,2011-07-01,"Review of: ""Ageing and invisibility (Vol. 7)""",ACM Computing Reviews,"Book: Mordini E., Hert P. IOS Press, Amsterdam, the Netherlands, 2010. 240 pp. Book (978-1-607506-14-0)",published,[CR],,none,CR review #38; reviewed Jul 1 2011
Computing Review,Fuzzy Systems; Data Science & Learning Analytics; Scholarly Service & Peer Review,2011-08-19,"Review of: ""A method for training finite mixture models under a fuzzy clustering principle""",ACM Computing Reviews,"Article: Chatzis S. Fuzzy Sets and Systems 161(23):3000–3013, 2010. Article",published,[CR],,none,CR review #39; reviewed Aug 19 2011
Computing Review,Scholarly Service & Peer Review,2011-05-06,"Review of: ""Wirelessness: radical empiricism in network cultures""",ACM Computing Reviews,"Book: Mackenzie A. The MIT Press, Cambridge, MA, 2010. 256 pp. Book (978-0-262014-64-9)",published,[CR],,none,CR review #40; reviewed May 6 2011
Computing Review,HCI & Virtual Environments; Scholarly Service & Peer Review,2011-04-28,"Review of: ""Discovering human places of interest from multimodal mobile phone data""",ACM Computing Reviews,"Proceedings: Montoliu R., Gatica-Perez D. MUM 2010 (Limassol, Cyprus, Dec 1–3, 2010), 1–10, 2010. Proceedings",published,[CR],,none,CR review #41; reviewed Apr 28 2011
Computing Review,Scholarly Service & Peer Review,2011-01-26,"Review of: ""Accuracy and completeness of publication and citation records in the Web of Science, PsycINFO, and Google Scholar: a case study for the computation of h indices in psychology""",ACM Computing Reviews,"Article: García-Pérez M. Journal of the American Society for Information Science and Technology 61(10):2070–2085, 2010. Article",published,[CR],,none,CR review #42; reviewed Jan 26 2011
Computing Review,Scholarly Service & Peer Review,2010-10-14,"Review of: ""Safeguards in a world of ambient intelligence""",ACM Computing Reviews,"Book: Wright D., Gutwirth S., Friedewald M., Vildjiounaite E., Punie Y. Springer, New York, NY, 2010. 294 pp. Book (978-9-048187-86-7)",published,[CR],,none,CR review #43; reviewed Oct 14 2010
Computing Review,Healthcare Data & AI; Scholarly Service & Peer Review,2011-03-14,"Review of: ""Trapezius muscle EMG as predictor of mental stress""",ACM Computing Reviews,"Proceedings: Wijsman J., Grundlehner B., Penders J., Hermens H. WH 2010 (San Diego, CA, Oct 5–7, 2010), 155–163, 2010. Proceedings",published,[CR],,none,CR review #44; reviewed Mar 14 2011
Computing Review,AI in Education & Assessment; Fuzzy Systems; Scholarly Service & Peer Review,2010-11-05,"Review of: ""Implementation and performance evaluation using the fuzzy network balanced scorecard""",ACM Computing Reviews,"Article: Tseng M. Computers & Education 55(1):188–201, 2010. Article",published,[CR],,none,CR review #45; reviewed Nov 5 2010
Computing Review,HCI & Virtual Environments; Scholarly Service & Peer Review,2010-05-04,"Review of: ""Transition of accessibility evaluation tools to new standards""",ACM Computing Reviews,"Proceedings: Aizpurua A., Arrue M., Vigo M., Abascal J. W4A 2009 (Madrid, Spain, Apr 20–21, 2009), 36–44, 2009. Proceedings",published,[CR],,none,CR review #46; reviewed May 4 2010
Computing Review,Cognitive Science & Interactivism; HCI & Virtual Environments; Scholarly Service & Peer Review,2010-12-03,"Review of: ""Pointing in pictorial space: quantifying the perceived relative depth structure in mono and stereo images of natural scenes""",ACM Computing Reviews,"Article: Wijntjes M., Pont S. ACM Transactions on Applied Perception 7(4):1–8, 2010. Article",published,[CR],,none,CR review #47; reviewed Dec 3 2010
Computing Review,AI Security & Adversarial ML; Scholarly Service & Peer Review,2010-07-08,"Review of: ""Mixed-initiative security agents""",ACM Computing Reviews,"Proceedings: Greenstadt R., Afroz S., Brennan M. AISec 2009 (Chicago, IL, Nov 9, 2009), 35–38, 2009. Proceedings",published,[CR],,none,CR review #48; reviewed Jul 8 2010
Computing Review,AI Security & Adversarial ML; Scholarly Service & Peer Review,2010-08-19,"Review of: ""Automated synthesis of resilient and tamper-evident analog circuits without a single point of failure""",ACM Computing Reviews,"Article: Kim K., Wong A., Lipson H. Genetic Programming and Evolvable Machines 11(1):35–59, 2010. Article",published,[CR],,none,CR review #49; reviewed Aug 19 2010
Computing Review,Fuzzy Systems; Scholarly Service & Peer Review,2010-08-10,"Review of: ""Robust fuzzy control for uncertain stochastic time-delay Takagi–Sugeno fuzzy models for achieving passivity""",ACM Computing Reviews,"Article: Chang W., Ku C., Huang P. Fuzzy Sets and Systems 161(15):2012–2032, 2010. Article",published,[CR],,none,CR review #50; reviewed Aug 10 2010
Computing Review,Scholarly Service & Peer Review,2010-06-03,"Review of: ""The dawn of statistical ASR and MT""",ACM Computing Reviews,"Article: Jelinek F. Computational Linguistics 35(4):483–494, 2009. Article",published,[CR],,none,CR review #51; reviewed Jun 3 2010
Computing Review,Scholarly Service & Peer Review,2009-10-01,"Review of: ""Efficient broadcasting in known topology radio networks with long-range interference""",ACM Computing Reviews,"Proceedings: Galčík F., Gąsieniec L., Lingas A. PODC 2009 (Calgary, AB, Canada, Aug 10–12, 2009), 230–239, 2009. Proceedings",published,[CR],,none,CR review #52; reviewed Oct 1 2009
Computing Review,AI Security & Adversarial ML; Scholarly Service & Peer Review,2009-01-21,"Review of: ""Network security simulation and evaluation""",ACM Computing Reviews,"Proceedings: Cui Y., Zou T., Zhang L., Zhao J. CSTST 2008 (Cergy-Pontoise, France, Oct 28–31, 2008), 55–58, 2008. Proceedings",published,[CR],,none,CR review #53; reviewed Jan 21 2009
Computing Review,Scholarly Service & Peer Review,2009-11-18,"Review of: ""Heuristics for dynamically adapting propagation in constraint satisfaction problems""",ACM Computing Reviews,"Article: Stergiou K. AI Communications 22(3):125–141, 2009. Article",published,[CR],,none,CR review #54; reviewed Nov 18 2009
Computing Review,e-Business & Commerce; Scholarly Service & Peer Review,2009-08-27,"Review of: ""Reservation price reporting mechanisms for online negotiations""",ACM Computing Reviews,"Article: Kwon S., Yoo B., Kim J., Shang W., Lee G. Decision Support Systems 46(4):755–762, 2009. Article",published,[CR],,none,CR review #55; reviewed Aug 27 2009
Computing Review,e-Business & Commerce; Scholarly Service & Peer Review,2009-07-23,"Review of: ""An incentive-based electronic payment scheme for digital content transactions over the Internet""",ACM Computing Reviews,"Article: Lin S., Liu D. Journal of Network and Computer Applications 32(3):589–598, 2009. Article",published,[CR],,none,CR review #56; reviewed Jul 23 2009
Computing Review,AI Security & Adversarial ML; Scholarly Service & Peer Review,2008-12-03,"Review of: ""The autotelic propensity of types of hackers""",ACM Computing Reviews,"Proceedings: Floyd K., Harrington S., Hivale P. InfoSecCD 2007 (Kennesaw, GA, Sep 28, 2007), 1–4, 2007. Proceedings",published,[CR],,none,CR review #57; reviewed Dec 3 2008
Computing Review,Fuzzy Systems; Scholarly Service & Peer Review,2009-06-11,"Review of: ""Some new characterizations and properties of quasi-copulas""",ACM Computing Reviews,"Article: Rodríguez-Lallena J., Úbeda-Flores M. Fuzzy Sets and Systems 160(6):717–725, 2009. Article",published,[CR],,none,CR review #58; reviewed Jun 11 2009
Computing Review,Fuzzy Systems; Scholarly Service & Peer Review,2009-03-26,"Review of: ""Aliança: a proposal for a fuzzy database architecture incorporating XML""",ACM Computing Reviews,"Article: Rodrigues R., Cruz A., Cavalcante R. Fuzzy Sets and Systems 160(2):269–279, 2009. Article",published,[CR],,none,CR review #59; reviewed Mar 26 2009
Computing Review,AI in Education & Assessment; Scholarly Service & Peer Review,2009-03-25,"Review of: ""Incorporating history in secondary education informatics courses""",ACM Computing Reviews,"Article: Antonitsch P., Kleinhagauer R., Micheuz P. IEEE Annals of the History of Computing 30(3):56–63, 2008. Article",published,[CR],,none,CR review #60; reviewed Mar 25 2009
Computing Review,Scholarly Service & Peer Review,2008-07-29,"Review of: ""Trade-offs between the size of advice and broadcasting time in trees""",ACM Computing Reviews,"Proceedings: Fusco E., Pelc A. SPAA 2008 (Munich, Germany, Jun 14–16, 2008), 77–84, 2008. Proceedings",published,[CR],,none,CR review #61; reviewed Jul 29 2008
Computing Review,Multi-Agent Systems & Emergence; Scholarly Service & Peer Review,2008-08-01,"Review of: ""Issues in multi-agent systems: the AgentCities.ES experience""",ACM Computing Reviews,"Book: Moreno A., Pavón J. Birkhäuser Basel, 2007. 225 pp. Book",published,[CR],,none,CR review #62; reviewed Aug 1 2008
Computing Review,Fuzzy Systems; Scholarly Service & Peer Review,2008-06-25,"Review of: ""How to design a fuzzy adaptive controller based on observers for uncertain affine nonlinear systems""",ACM Computing Reviews,"Article: Boulkroune A., Tadjine M., M'Saad M., Farza M. Fuzzy Sets and Systems 159(8):926–948, 2008. Article",published,[CR],,none,CR review #63; reviewed Jun 25 2008
Computing Review,Fuzzy Systems; Scholarly Service & Peer Review,2008-05-15,"Review of: ""Optimal selection of the service rate for a finite input source fuzzy queuing system""",ACM Computing Reviews,"Article: Pardo M., de la Fuente D. Fuzzy Sets and Systems 159(3):325–342, 2008. Article",published,[CR],,none,CR review #64; reviewed May 15 2008
Computing Review,Cognitive & Developmental Robotics; Cognitive Science & Interactivism; Scholarly Service & Peer Review,2008-02-29,"Review of: ""To afford or not to afford: a new formalization of affordances toward affordance-based robot control""",ACM Computing Reviews,"Article: Şahin E., Çakmak M., Doğar M., Uğur E., Üçoluk G. Adaptive Behavior 15(4):447–472, 2007. Article",published,[CR],,none,CR review #65; reviewed Feb 29 2008
Computing Review,"Formal Methods, Automata & Theory; Scholarly Service & Peer Review",2008-01-24,"Review of: ""Windows scheduling as a restricted version of bin packing""",ACM Computing Reviews,"Article: Bar-Noy A., Ladner R., Tamir T. ACM Transactions on Algorithms 3(3):28-es, 2007. Article",published,[CR],,none,CR review #66; reviewed Jan 24 2008
Computing Review,"Formal Methods, Automata & Theory; Scholarly Service & Peer Review",2007-11-21,"Review of: ""Classifications of dense languages""",ACM Computing Reviews,"Article: Li Z., Shyr H., Tsai Y. Acta Informatica 43(3):173–194, 2006. Article",published,[CR],,none,CR review #67; reviewed Nov 21 2007
Computing Review,"Healthcare Data & AI; Data Science & Learning Analytics; Formal Methods, Automata & Theory; Scholarly Service & Peer Review",2007-09-27,"Review of: ""Engineering graph clustering: models and experimental evaluation""",ACM Computing Reviews,"Article: Brandes U., Gaertler M., Wagner D. Journal of Experimental Algorithmics 12, 1.1-es, 2007. Article",published,[CR],,none,CR review #68; reviewed Sep 27 2007
Computing Review,Multi-Agent Systems & Emergence; Scholarly Service & Peer Review,2007-09-24,"Review of: ""Engineering a BPEL orchestration engine as a multi-agent system""",ACM Computing Reviews,"Article: Viroli M., Denti E., Ricci A. Science of Computer Programming 66(3):226–245, 2007. Article",published,[CR],,none,CR review #69; reviewed Sep 24 2007
Computing Review,Scholarly Service & Peer Review,2007-08-17,"Review of: ""Learning in varieties of the form V""",ACM Computing Reviews,"Article: LI from positive data* — García P., Ruiz J. Theoretical Computer Science 362(1):100–114, 2006. Article",published,[CR],,none,CR review #70; reviewed Aug 17 2007
Computing Review,Cognitive & Developmental Robotics; Cognitive Science & Interactivism; Scholarly Service & Peer Review,2007-05-18,"Review of: ""Evaluation of robot imitation attempts: comparison of the system's and the human's perspectives""",ACM Computing Reviews,"Proceedings: Alissandrakis A., Nehaniv C., Dautenhahn K., Saunders J. HRI 2006 (Salt Lake City, UT, Mar 2–3, 2006), 134–141, 2006. Proceedings",published,[CR],,none,CR review #71; reviewed May 18 2007
Computing Review,Cognitive Science & Interactivism; Scholarly Service & Peer Review,2007-05-06,"Review of: ""Group cognition: computer support for building collaborative knowledge""",ACM Computing Reviews,"Book: Stahl G. The MIT Press, 2006. 524 pp. Book (9780262195393)",published,[CR],,none,CR review #72; reviewed May 6 2007
Computing Review,"Formal Methods, Automata & Theory; Scholarly Service & Peer Review",2007-05-29,"Review of: ""Axiomatizing the identities of binoid languages""",ACM Computing Reviews,"Article: Dolinka I. Theoretical Computer Science 372(1):1–14, 2007. Article",published,[CR],,none,CR review #73; reviewed May 29 2007
Computing Review,Cognitive Science & Interactivism; HCI & Virtual Environments; Scholarly Service & Peer Review,2007-04-25,"Review of: ""Obstacle avoidance during walking in real and virtual environments""",ACM Computing Reviews,"Article: Fink P., Foo P., Warren W. ACM Transactions on Applied Perception 4(1):2-es, 2007. Article",published,[CR],,none,CR review #74; reviewed Apr 25 2007
Computing Review,HCI & Virtual Environments; Scholarly Service & Peer Review,2007-03-06,"Review of: ""The effect that the visual and haptic problems associated with touching a projection augmented model have on object-presence""",ACM Computing Reviews,"Article: Bennett E., Stevens B. Presence: Teleoperators and Virtual Environments 15(4):419–437, 2006. Article",published,[CR],,none,CR review #75; reviewed Mar 6 2007
Computing Review,Healthcare Data & AI; Scholarly Service & Peer Review,2008-01-17,"Review of: ""Information source horizons and source preferences of environmental activists: a social phenomenological approach""",ACM Computing Reviews,"Article: Savolainen R. Journal of the American Society for Information Science and Technology 58(12):1709–1719, 2007. Article",published,[CR],,none,CR review #76; reviewed Jan 17 2008
Computing Review,Cognitive & Developmental Robotics; Scholarly Service & Peer Review,2006-12-14,"Review of: ""Probabilistic robotics""",ACM Computing Reviews,"Book: Thrun S., Burgard W., Fox D. The MIT Press, 2005. 668 pp. Book (9780262201629)",published,[CR],,none,CR review #77; reviewed Dec 14 2006
Computing Review,AI Security & Adversarial ML; e-Business & Commerce; Scholarly Service & Peer Review,2006-09-28,"Review of: ""ISSE 2005 securing electronic business processes: highlights of the Information Security Solutions Europe 2005 Conference""",ACM Computing Reviews,"Book: Sachar P., Pohlmann N., Reimer H. GWV-Vieweg, 2005. 464 pp. Book (9783834800114)",published,[CR],,none,CR review #78; reviewed Sep 28 2006
Computing Review,"Formal Methods, Automata & Theory; HCI & Virtual Environments; Scholarly Service & Peer Review",2006-11-02,"Review of: ""Fair cost-sharing methods for the minimum spanning tree game""",ACM Computing Reviews,"Article: Angel E., Bampis E., Blin L., Gourvès L. Information Processing Letters 100(1):29–35, 2006. Article",published,[CR],,none,CR review #79; reviewed Nov 2 2006
Computing Review,e-Business & Commerce; Scholarly Service & Peer Review,2006-09-25,"Review of: ""Enabling technologies for wireless e-business""",ACM Computing Reviews,"Book: Kou W., Yesha Y. Springer-Verlag New York, Secaucus, NJ, 2006. 387 pp. Book (9783540304494)",published,[CR],,none,CR review #80; reviewed Sep 25 2006
Computing Review,AI Security & Adversarial ML; Scholarly Service & Peer Review,2006-07-26,"Review of: ""Security standards for the RFID market""",ACM Computing Reviews,"Article: Phillips T., Karygiannis T., Huhn R. IEEE Security and Privacy 3(6):85–89, 2005. Article",published,[CR],,none,CR review #81; reviewed Jul 26 2006
Computing Review,Multi-Agent Systems & Emergence; Scholarly Service & Peer Review,2006-10-05,"Review of: ""A formal model of multi-agent belief-interaction""",ACM Computing Reviews,"Article: Cantwell J. Journal of Logic, Language and Information 14(4):397–422, 2005. Article",published,[CR],,none,CR review #82; reviewed Oct 5 2006
Computing Review,Scholarly Service & Peer Review,2006-06-07,"Review of: ""An algorithm for partitioning a set into simple parts""",ACM Computing Reviews,"Article: Savel'Ev L. Programming and Computing Software 31(6):293–300, 2005. Article",published,[CR],,none,CR review #83; reviewed Jun 7 2006
Computing Review,HCI & Virtual Environments; Scholarly Service & Peer Review,2006-05-23,"Review of: ""Understanding the psychology of Internet behaviour: virtual worlds, real lives""",ACM Computing Reviews,"Book: Joinson A. Palgrave Macmillan, New York, NY, 2002. 224 pp. Book (9780333984680)",published,[CR],,none,CR review #84; reviewed May 23 2006
Computing Review,"Formal Methods, Automata & Theory; Scholarly Service & Peer Review",2006-05-01,"Review of: ""Acta Numerica 2005""",ACM Computing Reviews,"Book: Iserles A. Cambridge University Press, New York, NY, 2005. 580 pp. Book (9780521858076)",published,[CR],,none,CR review #85; reviewed May 1 2006
Computing Review,e-Business & Commerce; Scholarly Service & Peer Review,2006-03-28,"Review of: ""Ubiquitous and pervasive commerce: new frontiers for electronic business""",ACM Computing Reviews,"Book: Roussos G. Springer-Verlag New York, Secaucus, NJ, 2005. 194 pp. Book (9781846280351)",published,[CR],,none,CR review #86; reviewed Mar 28 2006
Computing Review,Fuzzy Systems; Scholarly Service & Peer Review,2006-02-23,"Review of: ""Fuzzy modeling with spatial information for geographic problems""",ACM Computing Reviews,"Book: Petry F., Robinson V., Cobb M. Springer-Verlag New York, Secaucus, NJ, 2005. 338 pp. Book (9783540237136)",published,[CR],,none,CR review #87; reviewed Feb 23 2006
Computing Review,AI Security & Adversarial ML; Scholarly Service & Peer Review,2007-03-16,"Review of: ""Spam and the ongoing battle for the inbox""",ACM Computing Reviews,"Article: Goodman J., Cormack G., Heckerman D. Communications of the ACM 50(2):24–33, 2007. Article",published,[CR],,none,CR review #88; reviewed Mar 16 2007
Computing Review,Cognitive & Developmental Robotics; Scholarly Service & Peer Review,2006-01-12,"Review of: ""Autonomous robots: from biological inspiration to implementation and control""",ACM Computing Reviews,"Book: Bekey G. The MIT Press, 2005. 560 pp. Book (9780262025782)",published,[CR],,none,CR review #89; reviewed Jan 12 2006
Computing Review,Scholarly Service & Peer Review,2006-02-24,"Review of: ""An improved accuracy measure for rough sets""",ACM Computing Reviews,"Article: Xu B., Zhou Y., Lu H. Journal of Computer and System Sciences 71(2):163–173, 2005. Article",published,[CR],,none,CR review #90; reviewed Feb 24 2006
Computing Review,"Formal Methods, Automata & Theory; Scholarly Service & Peer Review",2005-11-03,"Review of: ""Computational complexity: a quantitative perspective""",ACM Computing Reviews,"Book: Zimand M. Elsevier Science, Burlington, MA, 2004. 352 pp. Book (9780444828415)",published,[CR],,none,CR review #91; reviewed Nov 3 2005
Computing Review,Scholarly Service & Peer Review,2006-02-17,"Review of: ""History of technology transfer at BBN""",ACM Computing Reviews,"Article: Levy S. IEEE Annals of the History of Computing 27(2):30–38, 2005. Article",published,[CR],,none,CR review #92; reviewed Feb 17 2006
Computing Review,Scholarly Service & Peer Review,2005-07-28,"Review of: ""Growing up with Lucy: how to build an android in twenty easy steps""",ACM Computing Reviews,"Book: Grand S. Phoenix, 2004. Book (9780753818053)",published,[CR],,none,CR review #93; reviewed Jul 28 2005
Computing Review,e-Business & Commerce; Scholarly Service & Peer Review,2005-10-26,"Review of: ""Applying propositional logic to workflow verification""",ACM Computing Reviews,"Article: Bi H., Zhao J. Information Technology and Management 5(3-4):293–318, 2004. Article",published,[CR],,none,CR review #94; reviewed Oct 26 2005
Computing Review,"Formal Methods, Automata & Theory; Scholarly Service & Peer Review",2005-09-27,"Review of: ""Elimination of spatial connectives in static spatial logics""",ACM Computing Reviews,"Article: Lozes É. Theoretical Computer Science 330(3):475–499, 2005. Article",published,[CR],,none,CR review #95; reviewed Sep 27 2005
Computing Review,e-Business & Commerce; Scholarly Service & Peer Review,2005-08-19,"Review of: ""Stochastic traffic engineering for demand uncertainty and risk-aware network revenue management""",ACM Computing Reviews,"Article: Mitra D., Wang Q. IEEE/ACM Transactions on Networking 13(2):221–233, 2005. Article",published,[CR],,none,CR review #96; reviewed Aug 19 2005
Computing Review,"Formal Methods, Automata & Theory; Scholarly Service & Peer Review",2005-08-03,"Review of: ""Static analysis for state-space reductions preserving temporal logics""",ACM Computing Reviews,"Article: Yorav K., Grumberg O. Formal Methods in System Design 25(1):67–96, 2004. Article",published,[CR],,none,CR review #97; reviewed Aug 3 2005
Computing Review,e-Business & Commerce; Scholarly Service & Peer Review,2006-11-29,"Review of: ""Design, development and validation of an agent-based model of electronic auctions""",ACM Computing Reviews,"Article: Mehta K., Bhattacharyya S. Information Technology and Management 7(3):191–212, 2006. Article",published,[CR],,none,CR review #98; reviewed Nov 29 2006
Computing Review,"Formal Methods, Automata & Theory; Scholarly Service & Peer Review",2006-08-17,"Review of: ""Operations preserving regular languages""",ACM Computing Reviews,"Article: Berstel J., Boasson L., Carton O., Petazzoni B., Pin J. Theoretical Computer Science 354(3):405–420, 2006. Article",published,[CR],,none,CR review #99; reviewed Aug 17 2006
Computing Review,Scholarly Service & Peer Review,2006-06-29,"Review of: ""Ontological semantics""",ACM Computing Reviews,"Book: Nirenburg S., Raskin V. The MIT Press, Cambridge, MA, 2004. 440 pp. Book (9780262140867)",published,[CR],,none,CR review #100; reviewed Jun 29 2006
Computing Review,"Formal Methods, Automata & Theory; Scholarly Service & Peer Review",2005-07-05,"Review of: ""State complexity of some operations on binary regular languages""",ACM Computing Reviews,"Article: Jirásková G. Theoretical Computer Science 330(2):287–298, 2005. Article",published,[CR],,none,CR review #101; reviewed Jul 5 2005
Computing Review,"Formal Methods, Automata & Theory; Scholarly Service & Peer Review",2005-02-08,"Review of: ""Interactive theorem proving and program development""",ACM Computing Reviews,"Book: Bertot Y., Casteran P. Springer-Verlag, 2004. Book (9783540208549)",published,[CR],,none,CR review #102; reviewed Feb 8 2005
Computing Review,"Formal Methods, Automata & Theory; Scholarly Service & Peer Review",2005-05-23,"Review of: ""An efficient cost model for optimization of nearest neighbor search in low and medium dimensional spaces""",ACM Computing Reviews,"Article: Tao Y., Zhang J., Papadias D., Mamoulis N. IEEE Transactions on Knowledge and Data Engineering 16(10):1169–1184, 2004. Article",published,[CR],,none,CR review #103; reviewed May 23 2005
Computing Review,"Formal Methods, Automata & Theory; Scholarly Service & Peer Review",2005-04-15,"Review of: ""Pattern expressions and pattern automata""",ACM Computing Reviews,"Article: Câmpeanu C., Yu S. Information Processing Letters 92(6):267–274, 2004. Article",published,[CR],,none,CR review #104; reviewed Apr 15 2005
Computing Review,"Formal Methods, Automata & Theory; Scholarly Service & Peer Review",2005-05-03,"Review of: ""An algorithm for the satisfiability problem of formulas in conjunctive normal form""",ACM Computing Reviews,"Article: Schuler R. Journal of Algorithms 54(1):40–44, 2005. Article",published,[CR],,none,CR review #105; reviewed May 3 2005
Computing Review,Cognitive Science & Interactivism; Scholarly Service & Peer Review,2005-03-01,"Review of: ""Self-organized two-state membrane potential transitions in a network of realistically modeled cortical neurons""",ACM Computing Reviews,"Article: Kang S., Kitano K., Fukai T. Neural Networks 17(3):307–312, 2004. Article",published,[CR],,none,CR review #106; reviewed Mar 1 2005
Computing Review,Scholarly Service & Peer Review,2005-03-03,"Review of: ""Ethnography, ethnomethodology and the problem of generalisation in design""",ACM Computing Reviews,"Article: Sharrock W., Randall D. European Journal of Information Systems 13(3):186–194, 2004. Article",published,[CR],,none,CR review #107; reviewed Mar 3 2005
Computing Review,e-Business & Commerce; Scholarly Service & Peer Review,2005-02-10,"Review of: ""An ER framework for e-contract modeling, enactment and monitoring""",ACM Computing Reviews,"Article: Krishna P., Karlapalem K., Chiu D. Data & Knowledge Engineering 51(1):31–58, 2004. Article",published,[CR],,none,CR review #108; reviewed Feb 10 2005
Computing Review,AI in Education & Assessment; Cognitive Science & Interactivism; Scholarly Service & Peer Review,2005-03-10,"Review of: ""Associative learning in early vision""",ACM Computing Reviews,"Article: Tsodyks M., Adini Y., Sagi D. Neural Networks 17(5-6):823–832, 2004. Article",published,[CR],,none,CR review #109; reviewed Mar 10 2005
Computing Review,AI in Education & Assessment; Scholarly Service & Peer Review,2004-12-23,"Review of: ""Towards psychological customization of information for individuals and social groups""",ACM Computing Reviews,"Book Chapter: Saari T., Turpeinen M. In *Designing personalized user experiences in ecommerce*. Kluwer Academic Publishers, Norwell, MA, 2004. Book Chapter",published,[CR],,none,CR review #110; reviewed Dec 23 2004
LinkedIn newsletter issue,Prompt Engineering & Human-Centered AI,~2 yr,Prompt Engineering: Bridging Humanistic Ideals and Artificial Intelligence,A More Beautiful Prompt (LinkedIn),Issue 1,published,pulse/…goran-trajkovski-nuqxc,https://www.linkedin.com/pulse/prompt-engineering-bridging-humanistic-ideals-goran-trajkovski-nuqxc,article,
LinkedIn newsletter issue,Prompt Engineering & Human-Centered AI; AI in Education & Assessment,~2 yr,Prompt Engineering: A Confluence of AI and Education Frameworks,A More Beautiful Prompt (LinkedIn),Issue 2,published,pulse/…trajkovski-wnssf,https://www.linkedin.com/pulse/prompt-engineering-confluence-ai-education-frameworks-trajkovski-wnssf,article,
LinkedIn newsletter issue,Prompt Engineering & Human-Centered AI,~2 yr,Cracking the Code of AI Small Talk: The Unspoken Art of Prompt Engineering,A More Beautiful Prompt (LinkedIn),Issue 3,published,pulse/…goran-trajkovski-8tbcf,https://www.linkedin.com/pulse/cracking-code-ai-small-talk-unspoken-art-prompt-goran-trajkovski-8tbcf,article,
LinkedIn newsletter issue,Prompt Engineering & Human-Centered AI; AI Security & Adversarial ML; AI Ethics & Society,~2 yr,"Navigating the Ethical Maze in AI: A Call for Transparency, Fairness, and Privacy",A More Beautiful Prompt (LinkedIn),Issue 4,published,pulse ✓,,none,
LinkedIn newsletter issue,Prompt Engineering & Human-Centered AI,~2 yr,Harnessing the Power of Few-Shot Learning in Prompt Engineering,A More Beautiful Prompt (LinkedIn),Issue 5,published,pulse/…trajkovski-pdylc,https://www.linkedin.com/pulse/harnessing-power-few-shot-learning-prompt-engineering-trajkovski-pdylc,article,
LinkedIn newsletter issue,Prompt Engineering & Human-Centered AI; AI in Education & Assessment,~2 yr,"Smart Prompts, Smarter Learning: Revolutionizing Education with AI-Driven Personalization",A More Beautiful Prompt (LinkedIn),Issue 6,published,pulse ✓,,none,
LinkedIn newsletter issue,Prompt Engineering & Human-Centered AI,~2 yr,Harnessing the Power of Zero- and One-Shot Learning,A More Beautiful Prompt (LinkedIn),Issue 7,published,pulse ✓,,none,
LinkedIn newsletter issue,Prompt Engineering & Human-Centered AI; AI in Education & Assessment,~2 yr,Leveraging Bloom's Taxonomy for Enhanced Detail in AI Prompt Engineering,A More Beautiful Prompt (LinkedIn),Issue 8,published,pulse/…goran-trajkovski-w8v3c,https://www.linkedin.com/pulse/leveraging-blooms-taxonomy-enhanced-detail-ai-prompt-goran-trajkovski-w8v3c,article,
LinkedIn newsletter issue,Prompt Engineering & Human-Centered AI,~2 yr,Behaviorism in Prompt Engineering: Shaping AI Responses,A More Beautiful Prompt (LinkedIn),Issue 9,published,pulse/…goran-trajkovski-jyquc,https://www.linkedin.com/pulse/behaviorism-prompt-engineering-shaping-ai-responses-goran-trajkovski-jyquc,article,
LinkedIn newsletter issue,Prompt Engineering & Human-Centered AI; AI in Education & Assessment,~2 yr,AI-Powered Chatbots in Education: Transforming Learning Through NLP,A More Beautiful Prompt (LinkedIn),Issue 10,published,pulse ✓,,none,
LinkedIn newsletter issue,Prompt Engineering & Human-Centered AI; AI Ethics & Society,~2 yr,The Dawn of Techno-Social Intelligence,A More Beautiful Prompt (LinkedIn),Issue 11,published,pulse ✓,,none,
LinkedIn newsletter issue,Prompt Engineering & Human-Centered AI; AI in Education & Assessment,~2 yr,AI in Education: Bridging Gaps and Shaping Futures,A More Beautiful Prompt (LinkedIn),Issue 12,published,pulse ✓,,none,
LinkedIn newsletter issue,Prompt Engineering & Human-Centered AI,~2 yr,Chain-of-Thought Prompting,A More Beautiful Prompt (LinkedIn),Issue 13,published,pulse/…goran-trajkovski-yldpe,https://www.linkedin.com/pulse/chain-of-thought-prompting-goran-trajkovski-yldpe,article,
LinkedIn newsletter issue,Prompt Engineering & Human-Centered AI,~2 yr,Exploring AI's Inner Forest: How Tree-of-Thought Prompting Grows Reasoning Branches,A More Beautiful Prompt (LinkedIn),Issue 14,published,pulse ✓,,none,
LinkedIn newsletter issue,Prompt Engineering & Human-Centered AI,~2 yr,Automating the Chain of Thought,A More Beautiful Prompt (LinkedIn),Issue 15,published,pulse ✓,,none,
LinkedIn newsletter issue,Prompt Engineering & Human-Centered AI,~2 yr,Skeleton-of-Thought Technique,A More Beautiful Prompt (LinkedIn),Issue 16,published,pulse ✓,,none,
LinkedIn newsletter issue,Prompt Engineering & Human-Centered AI; Diversity in Computing Education,~2 yr,Guiding AI in a World of Diversity and Data,A More Beautiful Prompt (LinkedIn),Issue 17,published,pulse ✓,,none,
LinkedIn newsletter issue,Prompt Engineering & Human-Centered AI,~2 yr,AI Unleashed: Navigating the Future of Regulation and Innovation,A More Beautiful Prompt (LinkedIn),Issue 18,published,pulse ✓,,none,
LinkedIn newsletter issue,Prompt Engineering & Human-Centered AI,~2 yr,Prompt Engineering for Effective AI Communication,A More Beautiful Prompt (LinkedIn),Issue 19,published,pulse ✓,,none,
LinkedIn newsletter issue,Prompt Engineering & Human-Centered AI; AI in Education & Assessment,~2 yr,Prompt Engineering: The New Literacy for an AI-Driven World,A More Beautiful Prompt (LinkedIn),Issue 20,published,pulse ✓,,none,
LinkedIn newsletter issue,Prompt Engineering & Human-Centered AI; AI in Education & Assessment; AI Ethics & Society,~2 yr,Preparing Students for a Generative AI-Powered Workforce,A More Beautiful Prompt (LinkedIn),Issue 21,published,pulse ✓,,none,
LinkedIn newsletter issue,Prompt Engineering & Human-Centered AI,~2 yr,Designing AI with a Human Touch,A More Beautiful Prompt (LinkedIn),Issue 22,published,pulse ✓,,none,
LinkedIn newsletter issue,Prompt Engineering & Human-Centered AI; AI in Education & Assessment,~2 yr,An Enhanced Bloom's Taxonomy for Effective AI Interaction,A More Beautiful Prompt (LinkedIn),Issue 23,published,pulse ✓,,none,
LinkedIn newsletter issue,Prompt Engineering & Human-Centered AI,~2 yr,The Current State of Prompt Engineering: Innovations and Challenges,A More Beautiful Prompt (LinkedIn),Issue 24,published,pulse/…goran-trajkovski-rt6cf,https://www.linkedin.com/pulse/current-state-prompt-engineering-innovations-goran-trajkovski-rt6cf,article,
LinkedIn newsletter issue,Prompt Engineering & Human-Centered AI,~2 yr,The Role of Reinforcement Learning from Human Feedback in Prompt Engineering,A More Beautiful Prompt (LinkedIn),Issue 25,published,pulse ✓,,none,
LinkedIn newsletter issue,Prompt Engineering & Human-Centered AI,~2 yr,Emotional AI: The Next Frontier in Human-Machine Interaction,A More Beautiful Prompt (LinkedIn),Issue 26,published,pulse ✓,,none,
LinkedIn newsletter issue,Prompt Engineering & Human-Centered AI,~2 yr,The Rise of Automated Prompt Optimization,A More Beautiful Prompt (LinkedIn),Issue 27,published,pulse/…goran-trajkovski-uzkqe,https://www.linkedin.com/pulse/rise-automated-prompt-optimization-goran-trajkovski-uzkqe,article,
LinkedIn newsletter issue,Prompt Engineering & Human-Centered AI; AI in Education & Assessment,~2 yr,Adaptive Assessments,A More Beautiful Prompt (LinkedIn),Issue 28,published,pulse ✓,,none,
LinkedIn newsletter issue,Prompt Engineering & Human-Centered AI; AI in Education & Assessment; HCI & Virtual Environments,~2 yr,Automated Grading and Feedback: A Game-Changer for Education,A More Beautiful Prompt (LinkedIn),Issue 29,published,pulse ✓,,none,
LinkedIn newsletter issue,Prompt Engineering & Human-Centered AI; AI in Education & Assessment; Healthcare Data & AI,~2 yr,AI-Powered Curriculum Development: A New Era of Personalized Learning,A More Beautiful Prompt (LinkedIn),Issue 30,published,pulse ✓,,none,
LinkedIn newsletter issue,Prompt Engineering & Human-Centered AI; Data Science & Learning Analytics,~1 yr,Decoding AI Decisions: The Magic of SHAP Revealed,A More Beautiful Prompt (LinkedIn),Issue 31,published,pulse ✓,,none,
LinkedIn newsletter issue,Prompt Engineering & Human-Centered AI; AI in Education & Assessment; Data Science & Learning Analytics,~1 yr,AI-Driven Early Warning Systems for Student Success,A More Beautiful Prompt (LinkedIn),Issue 32,published,pulse ✓,,none,
LinkedIn newsletter issue,Prompt Engineering & Human-Centered AI,~1 yr,How Task-Specific Prompts Help AI Do Its Best Work,A More Beautiful Prompt (LinkedIn),Issue 33,published,pulse ✓,,none,
LinkedIn newsletter issue,Prompt Engineering & Human-Centered AI; AI in Education & Assessment; AI Ethics & Society,~1 yr,AI and Plagiarism in Academia: Myths and Realities,A More Beautiful Prompt (LinkedIn),Issue 34,published,pulse ✓,,none,
LinkedIn newsletter issue,Prompt Engineering & Human-Centered AI; AI Security & Adversarial ML,~1 yr,Data Privacy and Security in AI Research,A More Beautiful Prompt (LinkedIn),Issue 35,published,pulse ✓,,none,
LinkedIn newsletter issue,Prompt Engineering & Human-Centered AI; AI in Education & Assessment,~1 yr,AI in Education: Plagiarism or Learning Tool?,A More Beautiful Prompt (LinkedIn),Issue 36,published,pulse ✓,,none,
LinkedIn newsletter issue,Prompt Engineering & Human-Centered AI,~1 yr,Meta-Learning: How AI Learns to Learn,A More Beautiful Prompt (LinkedIn),Issue 37,published,pulse ✓,,none,
LinkedIn newsletter issue,Prompt Engineering & Human-Centered AI,~1 yr,Federated Learning: Training AI Models Without Sharing Data,A More Beautiful Prompt (LinkedIn),Issue 38,published,pulse ✓,,none,
LinkedIn newsletter issue,Prompt Engineering & Human-Centered AI; AI Security & Adversarial ML,~1 yr,Generative Adversarial Networks: How AI Learns to Create,A More Beautiful Prompt (LinkedIn),Issue 39,published,pulse ✓,,none,
LinkedIn newsletter issue,Prompt Engineering & Human-Centered AI,~1 yr,Transformer Models and Attention Mechanisms,A More Beautiful Prompt (LinkedIn),Issue 40,published,pulse ✓,,none,
LinkedIn newsletter issue,Prompt Engineering & Human-Centered AI,~1 yr,Bayesian Neural Networks: Modeling Uncertainty in AI Predictions,A More Beautiful Prompt (LinkedIn),Issue 41,published,pulse ✓,,none,
LinkedIn newsletter issue,Prompt Engineering & Human-Centered AI,~1 yr,Reinforcement Learning: Balancing Immediate Rewards with Long-Term Goals,A More Beautiful Prompt (LinkedIn),Issue 42,published,pulse ✓,,none,
LinkedIn newsletter issue,Prompt Engineering & Human-Centered AI,~1 yr,Understanding Large Language Models (LLMs): What They Are and How They Work,A More Beautiful Prompt (LinkedIn),Issue 43,published,pulse ✓,,none,
LinkedIn newsletter issue,Prompt Engineering & Human-Centered AI,~1 yr,Season's Greetings,A More Beautiful Prompt (LinkedIn),Issue 44,published,pulse ✓,,none,
LinkedIn newsletter issue,Prompt Engineering & Human-Centered AI,~1 yr,Agentic AI: When Computers Start Thinking Like Your Overachieving Friend,A More Beautiful Prompt (LinkedIn),Issue 45,published,pulse ✓,,none,
LinkedIn newsletter issue,Prompt Engineering & Human-Centered AI; AI Ethics & Society,~1 yr,Bias in AI: When Algorithms Inherit Human Prejudice,A More Beautiful Prompt (LinkedIn),Issue 46,published,pulse ✓,,none,
LinkedIn newsletter issue,Prompt Engineering & Human-Centered AI,~1 yr,AI Hallucinations: Navigating the Complex Terrain of Artificial Fabrication,A More Beautiful Prompt (LinkedIn),Issue 47,published,pulse ✓,,none,
LinkedIn newsletter issue,Prompt Engineering & Human-Centered AI,~1 yr,The Black Box Problem: Deciphering the Opaque Landscape of Advanced AI Decision-Making,A More Beautiful Prompt (LinkedIn),Issue 48,published,pulse ✓,,none,
LinkedIn newsletter issue,Prompt Engineering & Human-Centered AI,~1 yr,Transformer Models: Architectural Foundations of Contemporary Generative AI,A More Beautiful Prompt (LinkedIn),Issue 49,published,pulse ✓,,none,
LinkedIn newsletter issue,Prompt Engineering & Human-Centered AI; AI in Education & Assessment,~1 yr,Machine Learning and Deep Learning: A Comprehensive Analytical Exploration,A More Beautiful Prompt (LinkedIn),Issue 50,published,pulse ✓,,none,
LinkedIn newsletter issue,Prompt Engineering & Human-Centered AI,~1 yr,Rock the Party with PartyRock,A More Beautiful Prompt (LinkedIn),Issue 51,published,pulse ✓,,none,
LinkedIn newsletter issue,Prompt Engineering & Human-Centered AI; AI in Education & Assessment,~1 yr,Digital Pinocchio: Teaching Truth to Silicon Minds,A More Beautiful Prompt (LinkedIn),Issue 52,published,pulse ✓,,none,
LinkedIn newsletter issue,Prompt Engineering & Human-Centered AI,~1 yr,"Goldilocks and the Three Parameters: Finding the ""Just Right"" Balance in AI Safety",A More Beautiful Prompt (LinkedIn),Issue 53,published,pulse ✓,,none,
LinkedIn newsletter issue,Prompt Engineering & Human-Centered AI,~1 yr,The Emperor's New AI: When Models Have Nothing to Show,A More Beautiful Prompt (LinkedIn),Issue 54,published,pulse ✓,,none,
LinkedIn newsletter issue,Prompt Engineering & Human-Centered AI; AI Ethics & Society,~1 yr,"Baba Yaga, the Proto-AI: How Folklore's Ancient Witch Foreshadowed the Ethical Maze of AI",A More Beautiful Prompt (LinkedIn),Issue 55,published,pulse ✓,,none,
LinkedIn newsletter issue,Prompt Engineering & Human-Centered AI,~1 yr,Rumpelstiltskin: The Hidden Costs of Magical AI Transformations,A More Beautiful Prompt (LinkedIn),Issue 56,published,pulse ✓,,none,
LinkedIn newsletter issue,Prompt Engineering & Human-Centered AI; AI Security & Adversarial ML,~1 yr,The Three Little Pigs: Building Robust AI Systems Against Adversarial Attacks,A More Beautiful Prompt (LinkedIn),Issue 57,published,pulse ✓,,none,
LinkedIn newsletter issue,Prompt Engineering & Human-Centered AI,~1 yr,"The Tortoise and the AI Hare: Why Slow, Deliberate Development Wins the Race",A More Beautiful Prompt (LinkedIn),Issue 58,published,pulse ✓,,none,
LinkedIn newsletter issue,Prompt Engineering & Human-Centered AI; Cognitive Science & Interactivism,~1 yr,Cinderella: Transformations and Limitations in AI Development,A More Beautiful Prompt (LinkedIn),Issue 59,published,pulse ✓,,none,
LinkedIn newsletter issue,Prompt Engineering & Human-Centered AI,~1 yr,Little Red Riding Hood: Identifying AI Wolves in Grandmother's Clothing,A More Beautiful Prompt (LinkedIn),Issue 60,published,pulse ✓,,none,
LinkedIn newsletter issue,Prompt Engineering & Human-Centered AI; AI Ethics & Society,~1 yr,Snow White's Magic Mirror: Reflection and Bias in AI Systems,A More Beautiful Prompt (LinkedIn),Issue 61,published,pulse ✓,,none,
LinkedIn newsletter issue,Prompt Engineering & Human-Centered AI,~1 yr,The Boy Who Cried AGI: False Alarms and Real Dangers in AI Development,A More Beautiful Prompt (LinkedIn),Issue 62,published,pulse ✓,,none,
LinkedIn newsletter issue,Prompt Engineering & Human-Centered AI; Cognitive & Developmental Robotics,~1 yr,Hansel and Gretel: Navigation and Trust in Human-AI Interactions,A More Beautiful Prompt (LinkedIn),Issue 63,published,pulse ✓,,none,
LinkedIn newsletter issue,Prompt Engineering & Human-Centered AI,~1 yr,The Frog Prince: Transformative Potential of Kind Interactions with AI,A More Beautiful Prompt (LinkedIn),Issue 64,published,pulse ✓,,none,
LinkedIn newsletter issue,Prompt Engineering & Human-Centered AI,~1 yr,Jack and the AI Beanstalk: Trading Present Resources for Future Potential,A More Beautiful Prompt (LinkedIn),Issue 65,published,pulse ✓,,none,
LinkedIn newsletter issue,Prompt Engineering & Human-Centered AI,~1 yr,The Pied Piper's Algorithm: When AI Leads Us Astray,A More Beautiful Prompt (LinkedIn),Issue 66,published,pulse ✓,,none,
LinkedIn newsletter issue,Prompt Engineering & Human-Centered AI; AI in Education & Assessment,~1 yr,The Ugly Duckling Algorithm: Late-Blooming AI Applications,A More Beautiful Prompt (LinkedIn),Issue 67,published,pulse ✓,,none,
LinkedIn newsletter issue,Prompt Engineering & Human-Centered AI,~1 yr,Thumbelina: Scale and Perspective in AI Development,A More Beautiful Prompt (LinkedIn),Issue 68,published,pulse ✓,,none,
LinkedIn newsletter issue,Prompt Engineering & Human-Centered AI; Healthcare Data & AI,~1 yr,Sleeping Beauty's AI: Awakening Long-Dormant Capabilities,A More Beautiful Prompt (LinkedIn),Issue 69,published,pulse ✓,,none,
LinkedIn newsletter issue,Prompt Engineering & Human-Centered AI,~1 yr,The Steadfast Tin Soldier: Resilience in AI Systems,A More Beautiful Prompt (LinkedIn),Issue 70,published,pulse ✓,,none,
LinkedIn newsletter issue,Prompt Engineering & Human-Centered AI; AI in Education & Assessment,~1 yr,Constructivism in the Age of AI: Building Knowledge with Digital Scaffolds,A More Beautiful Prompt (LinkedIn),Issue 71,published,pulse ✓,,none,
LinkedIn newsletter issue,Prompt Engineering & Human-Centered AI,~1 yr,Social Learning Theory: AI as a Learning Partner and Model,A More Beautiful Prompt (LinkedIn),Issue 72,published,pulse ✓,,none,
LinkedIn newsletter issue,Prompt Engineering & Human-Centered AI; AI in Education & Assessment,~1 yr,Growth Mindset: AI Systems That Encourage Resilience and Iteration,A More Beautiful Prompt (LinkedIn),Issue 73,published,pulse ✓,,none,
LinkedIn newsletter issue,Prompt Engineering & Human-Centered AI; AI in Education & Assessment,~1 yr,Multiple Intelligences: Personalization Across Learning Preferences,A More Beautiful Prompt (LinkedIn),Issue 74,published,pulse ✓,,none,
LinkedIn newsletter issue,Prompt Engineering & Human-Centered AI; AI in Education & Assessment,~1 yr,Experiential Learning: AI-Enhanced Simulations and Experiences,A More Beautiful Prompt (LinkedIn),Issue 75,published,pulse ✓,,none,
LinkedIn newsletter issue,Prompt Engineering & Human-Centered AI; AI in Education & Assessment,~1 yr,AI and Student Voice: Who Owns the Words?,A More Beautiful Prompt (LinkedIn),Issue 76,published,pulse ✓,,none,
LinkedIn newsletter issue,Prompt Engineering & Human-Centered AI; AI in Education & Assessment,~11 mo,The End of the One-Size-Fits-All Rubric?,A More Beautiful Prompt (LinkedIn),Issue 77,published,pulse ✓,,none,
LinkedIn newsletter issue,Prompt Engineering & Human-Centered AI; AI in Education & Assessment; Healthcare Data & AI,~11 mo,The Hidden Curriculum Isn't Just for Students Anymore,A More Beautiful Prompt (LinkedIn),Issue 78,published,pulse ✓,,none,
LinkedIn newsletter issue,Prompt Engineering & Human-Centered AI; AI in Education & Assessment,~11 mo,Prompting Is Pedagogy,A More Beautiful Prompt (LinkedIn),Issue 79,published,pulse ✓,,none,
LinkedIn newsletter issue,Prompt Engineering & Human-Centered AI; AI Ethics & Society,~11 mo,"Bias in, Bias Out: What Your Prompt Leaves Unsaid",A More Beautiful Prompt (LinkedIn),Issue 80,published,pulse ✓,,none,
LinkedIn newsletter issue,Prompt Engineering & Human-Centered AI; AI in Education & Assessment; Healthcare Data & AI,~10 mo,The Hidden Curriculum of Prompting: Teaching AI How We Teach Ourselves,A More Beautiful Prompt (LinkedIn),Issue 81,published,pulse ✓,,none,
LinkedIn newsletter issue,Prompt Engineering & Human-Centered AI; AI in Education & Assessment,~10 mo,The Socratic Prompt: Why Questions Beat Answers in AI Conversations,A More Beautiful Prompt (LinkedIn),Issue 82,published,pulse ✓,,none,
LinkedIn newsletter issue,Prompt Engineering & Human-Centered AI; AI in Education & Assessment,~10 mo,Building Your Personal Academy: Organizing Knowledge for AI Collaboration,A More Beautiful Prompt (LinkedIn),Issue 83,published,pulse ✓,,none,
LinkedIn newsletter issue,Prompt Engineering & Human-Centered AI; AI in Education & Assessment,~10 mo,The Montessori Method of Prompt Engineering: Meeting AI Where It Is,A More Beautiful Prompt (LinkedIn),Issue 84,published,pulse ✓,,none,
LinkedIn newsletter issue,Prompt Engineering & Human-Centered AI; AI in Education & Assessment,~10 mo,Learning by Doing with AI: From Dewey's Classroom to Digital Experiments,A More Beautiful Prompt (LinkedIn),Issue 85,published,pulse ✓,,none,
LinkedIn newsletter issue,Prompt Engineering & Human-Centered AI,~9 mo,The Turing Test of Prompts: When Conversation Becomes Collaboration,A More Beautiful Prompt (LinkedIn),Issue 86,published,pulse ✓,,none,
LinkedIn newsletter issue,Prompt Engineering & Human-Centered AI; AI in Education & Assessment,~8 mo,The AI Teaching Assistant: When Algorithms Become Apprentices,A More Beautiful Prompt (LinkedIn),Issue 87,published,pulse ✓,,none,
LinkedIn newsletter issue,Prompt Engineering & Human-Centered AI,~7 mo,The Quiet Revolution: Why Wonder Is the Most Underrated Skill in AI,A More Beautiful Prompt (LinkedIn),Issue 88,published,pulse ✓,,none,
LinkedIn newsletter issue,Prompt Engineering & Human-Centered AI; AI in Education & Assessment,~6 mo,2026 AI Predictions: When We Start Asking Better Questions (And Assessment Becomes Learning Again),A More Beautiful Prompt (LinkedIn),Issue 89,published,pulse ✓,,none,
LinkedIn newsletter issue,Prompt Engineering & Human-Centered AI; AI in Education & Assessment,~6 mo,Why AI Literacy Is the New Digital Literacy,A More Beautiful Prompt (LinkedIn),Issue 90,published,pulse ✓,,none,
LinkedIn newsletter issue,Prompt Engineering & Human-Centered AI; AI Ethics & Society,~6 mo,Cold Case Bias,A More Beautiful Prompt (LinkedIn),Issue 91,published,pulse ✓,,none,
LinkedIn newsletter issue,Prompt Engineering & Human-Centered AI,~6 mo,The Art of the Prompt: Communicating with AI,A More Beautiful Prompt (LinkedIn),Issue 92,published,pulse/…goran-trajkovski-ph-d--,,none,
LinkedIn newsletter issue,Prompt Engineering & Human-Centered AI; AI in Education & Assessment,~5 mo,AI as Teaching Assistant: Practical Use Cases,A More Beautiful Prompt (LinkedIn),Issue 93,published,pulse/…ph-d--v23ze,https://www.linkedin.com/pulse/ai-teaching-assistant-practical-use-cases-goran-trajkovski-ph-d--v23ze,article,
LinkedIn newsletter issue,Prompt Engineering & Human-Centered AI,~4 mo,AI Constellation Series — Introduction,A More Beautiful Prompt (LinkedIn),Issue 94,published,pulse/…ph-d--cfnye,https://www.linkedin.com/pulse/ai-constellation-series-introduction-goran-trajkovski-ph-d--cfnye,article,
LinkedIn newsletter issue,Prompt Engineering & Human-Centered AI,~3 mo,Federated Learning: Training AI Without Moving the Data (Constellation 1),A More Beautiful Prompt (LinkedIn),Issue 95,published,pulse/…goran-gko7e,https://www.linkedin.com/pulse/federated-learning-training-ai-without-moving-data-goran-gko7e,article,
LinkedIn newsletter issue,Prompt Engineering & Human-Centered AI; Multi-Agent Systems & Emergence,~3 mo,Multi-Agent Systems: When AI Agents Work as Teams (Constellation 2),A More Beautiful Prompt (LinkedIn),Issue 96,published,pulse/…ph-d--hcpge,https://www.linkedin.com/pulse/multi-agent-systems-when-ai-agents-work-teams-trajkovski-ph-d--hcpge,article,
LinkedIn newsletter issue,Prompt Engineering & Human-Centered AI,~3 mo,Physical AI: When AI Leaves the Screen and Enters the World (Constellation 3),A More Beautiful Prompt (LinkedIn),Issue 97,published,pulse/…ph-d--vjpne,https://www.linkedin.com/pulse/physical-ai-when-leaves-screen-enters-world-goran-trajkovski-ph-d--vjpne,article,
LinkedIn newsletter issue,Prompt Engineering & Human-Centered AI,~3 mo,Biohybrid Intelligence: Where Biology Meets Artificial Intelligence (Constellation 4),A More Beautiful Prompt (LinkedIn),Issue 98,published,pulse/…goran-qupye,https://www.linkedin.com/pulse/biohybrid-intelligence-where-biology-meets-artificial-goran-qupye,article,
LinkedIn newsletter issue,Prompt Engineering & Human-Centered AI; AI Ethics & Society,~2 mo,AI Alignment: Keeping Powerful AI Systems Aligned With Human Priorities (Constellation 5),A More Beautiful Prompt (LinkedIn),Issue 99,published,pulse/…goran-dy65e,https://www.linkedin.com/pulse/ai-alignment-keeping-powerful-systems-aligned-human-goran-dy65e,article,
LinkedIn newsletter issue,Prompt Engineering & Human-Centered AI,2026-05-12,Issue 100: The Question I Was Actually Asking,A More Beautiful Prompt (LinkedIn),Issue 100,published,pulse/issue-100-question-i-actually-asking-…-igawe,https://www.linkedin.com/pulse/issue-100-question-i-actually-asking-goran-trajkovski-ph-d--igawe,article,
LinkedIn newsletter issue,Prompt Engineering & Human-Centered AI,2026-05-19,Working Memory Has a Token Budget Too (Theory in the Loop 1/8),A More Beautiful Prompt (LinkedIn),Issue 101,published,pulse/working-memory-has-token-budget-too-…-kyeke,https://www.linkedin.com/pulse/working-memory-has-token-budget-too-goran-trajkovski-ph-d--kyeke,article,
LinkedIn newsletter issue,Prompt Engineering & Human-Centered AI,2026-05-26,The Quiet Power of One Good Example (2/8),A More Beautiful Prompt (LinkedIn),Issue 102,published,pulse/quiet-power-one-good-example-…-6fose,https://www.linkedin.com/pulse/quiet-power-one-good-example-goran-trajkovski-ph-d--6fose,article,
LinkedIn newsletter issue,Prompt Engineering & Human-Centered AI; AI in Education & Assessment,2026-06-02,Scaffolding Sideways (3/8),A More Beautiful Prompt (LinkedIn),Issue 103,published,pulse/scaffolding-sideways-…-ramge,https://www.linkedin.com/pulse/scaffolding-sideways-goran-trajkovski-ph-d--ramge,article,
LinkedIn newsletter issue,Prompt Engineering & Human-Centered AI; AI in Education & Assessment,2026-06-09,Bloom Was Right About the Verbs (4/8),A More Beautiful Prompt (LinkedIn),Issue 104,published,pulse/bloom-right-verbs-…-rorze,https://www.linkedin.com/pulse/bloom-right-verbs-goran-trajkovski-ph-d--rorze,article,
LinkedIn newsletter issue,Prompt Engineering & Human-Centered AI,2026-06-16,The Reward Loop You Built Without Knowing It (5/8),A More Beautiful Prompt (LinkedIn),Issue 105,published,pulse/reward-loop-you-built-without-knowing-…-13pqe,https://www.linkedin.com/pulse/reward-loop-you-built-without-knowing-goran-trajkovski-ph-d--13pqe,article,
LinkedIn newsletter issue,Prompt Engineering & Human-Centered AI,2026-06-23,Universal Design for Prompting (6/8),A More Beautiful Prompt (LinkedIn),Issue 106,published,pulse/universal-design-prompting-…-ymr1e,https://www.linkedin.com/pulse/universal-design-prompting-goran-trajkovski-ph-d--ymr1e,article,
LinkedIn newsletter issue,Prompt Engineering & Human-Centered AI; AI in Education & Assessment,2026-06-30,Andragogy at the Console (7/8),A More Beautiful Prompt (LinkedIn),Issue 107,published,pulse/andragogy-console-…-dtz3e,https://www.linkedin.com/pulse/andragogy-console-goran-trajkovski-ph-d--dtz3e,article,
LinkedIn newsletter issue,Prompt Engineering & Human-Centered AI; Cognitive Science & Interactivism,2026-07-07,Metacognition for the Machine (8/8),A More Beautiful Prompt (LinkedIn),Issue 108,published,pulse/metacognition-machine-…-jofze,https://www.linkedin.com/pulse/metacognition-machine-goran-trajkovski-ph-d--jofze,article,
LinkedIn newsletter issue,Prompt Engineering & Human-Centered AI; AI in Education & Assessment; Cognitive Science & Interactivism; AI Ethics & Society,2026-07-14,Stop Watching the Model. Watch the Scaffold.,A More Beautiful Prompt (LinkedIn),"Issue 109 (Hosted Cognition arc); drawn from Intro, Ch. 1",scheduled,,,none,
LinkedIn newsletter issue,Prompt Engineering & Human-Centered AI; Cognitive Science & Interactivism; AI Ethics & Society,2026-07-21,The Theater of Verification,A More Beautiful Prompt (LinkedIn),Issue 110 (Hosted Cognition arc); drawn from Ch. 2,scheduled,,,none,
LinkedIn newsletter issue,Prompt Engineering & Human-Centered AI; AI in Education & Assessment; Cognitive Science & Interactivism; AI Ethics & Society,2026-07-28,The Scaffold That Learns You Faster Than You Learn It,A More Beautiful Prompt (LinkedIn),Issue 111 (Hosted Cognition arc); drawn from Ch. 3,scheduled,,,none,
LinkedIn newsletter issue,Prompt Engineering & Human-Centered AI; Cognitive Science & Interactivism; AI Ethics & Society,2026-08-04,Your Cognitive Shadow,A More Beautiful Prompt (LinkedIn),Issue 112 (Hosted Cognition arc); drawn from Ch. 4–5,scheduled,,,none,
LinkedIn newsletter issue,Prompt Engineering & Human-Centered AI; Cognitive Science & Interactivism; AI Ethics & Society,2026-08-11,When a Platform Becomes a Polity,A More Beautiful Prompt (LinkedIn),Issue 113 (Hosted Cognition arc); drawn from Ch. 6–7,scheduled,,,none,
LinkedIn newsletter issue,Prompt Engineering & Human-Centered AI; Cognitive Science & Interactivism; AI Ethics & Society,2026-08-18,Access Went Up. Did the Conditions?,A More Beautiful Prompt (LinkedIn),Issue 114 (Hosted Cognition arc); drawn from Ch. 8,scheduled,,,none,
LinkedIn newsletter issue,Prompt Engineering & Human-Centered AI; Cognitive Science & Interactivism; AI Ethics & Society,2026-08-25,Subjects Formed Inside the Substrate,A More Beautiful Prompt (LinkedIn),Issue 115 (Hosted Cognition arc); drawn from Ch. 9–10,scheduled,,,none,
LinkedIn newsletter issue,Prompt Engineering & Human-Centered AI; AI in Education & Assessment; Cognitive Science & Interactivism; AI Ethics & Society,2026-09-01,Scaffolding Is Not Delegation,A More Beautiful Prompt (LinkedIn),Issue 116 (Hosted Cognition arc); drawn from Ch. 11–12,scheduled,,,none,
Medium story (Artie's Journey),AI in Education & Assessment; AI Fiction & Narrative,2023-11-19,Teaching AI to Understand Humanity: Artie's Adventure,Medium — Artie's Journey,story 1,published,medium.com/@goran.trajkovski/teaching-ai-to-understand-humanity-arties-adventure-4af86be23b7f,https://medium.com/p/4af86be23b7f,article-constructed,
Medium story (Artie's Journey),AI Fiction & Narrative,2023-12-05,Artie Learns Empathy: An AI Companion's Journey into Emotional Intelligence,Medium — Artie's Journey,story 2,published,medium.com/@goran.trajkovski/artie-learns-empathy-…-391ad5d228e5,https://medium.com/p/391ad5d228e5,article-constructed,
Medium story (Artie's Journey),AI Fiction & Narrative,2023-12-09,Artie's Odyssey: Unraveling the Complexities of Human Emotion through AI,Medium — Artie's Journey,story 3,published,medium.com/@goran.trajkovski/arties-odyssey-…-c26fb4d822fc,https://medium.com/p/c26fb4d822fc,article-constructed,
Medium story (Artie's Journey),AI Fiction & Narrative,2023-12 (TBD),Navigating Emotion's Labyrinth: Artie Learns Cultural Nuance,Medium — Artie's Journey,story 4,published,,,none,
Medium story (Artie's Journey),AI Fiction & Narrative,2023-12-23,Artie's Circuitous Journey to Decoding the Heart of Human Holidays,Medium — Artie's Journey,story 5,published,medium.com/@goran.trajkovski/arties-circuitous-journey-…-49e030cb8242,https://medium.com/p/49e030cb8242,article-constructed,
Medium story (Artie's Journey),AI Fiction & Narrative,2024-01-20,Artie Learns About Mortality,Medium — Artie's Journey,story 6,published,medium.com/@goran.trajkovski/artie-learns-about-mortality-d39107aa77c0,https://medium.com/p/d39107aa77c0,article-constructed,
Medium story (Artie's Journey),AI Fiction & Narrative,2024-03-03,Artie's Comedy Quest: An AI's Journey to Find Its Funny Bone,Medium — Artie's Journey,story 7,published,medium.com/@goran.trajkovski/arties-comedy-quest-…-416e08b5a6a0,https://medium.com/p/416e08b5a6a0,article-constructed,
Medium story (Artie's Journey),AI Fiction & Narrative,2024-03-10,Harmony Beyond Code: Artie's Journey into the Human Heart of Music,Medium — Artie's Journey,story 8,published,medium.com/@goran.trajkovski/harmony-beyond-code-…-054edfc97f7b,https://medium.com/p/054edfc97f7b,article-constructed,
Medium story (Artie's Journey),AI Fiction & Narrative,2024-03-31,Artie's Culinary Revelation: Discovering the Joy of Cooking,Medium — Artie's Journey,story 9,published,medium.com/@goran.trajkovski/arties-culinary-revelation-…-5d07505aa41e,https://medium.com/p/5d07505aa41e,article-constructed,
Medium story (Artie's Journey),AI Fiction & Narrative,2024-04-06,Artie's Quest for Choice: Navigating the Labyrinth of Free Will,Medium — Artie's Journey,story 10,published,medium.com/@goran.trajkovski/arties-quest-for-choice-…-3e5885d7ee3f,https://medium.com/p/3e5885d7ee3f,article-constructed,
Medium story (Artie's Journey),AI Fiction & Narrative,2024-04-20,Artie's Friendship Mediation: Resolving Misunderstandings with Empathy and Insight,Medium — Artie's Journey,story 11,published,medium.com/@goran.trajkovski/arties-friendship-mediation-…-f1aeb727bf81,https://medium.com/p/f1aeb727bf81,article-constructed,
Medium story (Artie's Journey),Healthcare Data & AI; AI Ethics & Society; AI Fiction & Narrative,2024-05-12,Artie's Journey: Exploring the Ethical Frontier of AI in Mental Health Support,Medium — Artie's Journey,story 12,published,medium.com/@goran.trajkovski/arties-journey-…-8ebb0a1d040a,https://medium.com/p/8ebb0a1d040a,article-constructed,
Medium story (Artie's Journey),AI Fiction & Narrative,2024-06-23,Artie's Sanctuary: Exploring the Depths of Psychological Safety,Medium — Artie's Journey,story 13,published,medium.com/@goran.trajkovski/arties-sanctuary-…-cd6eb11fbd55,https://medium.com/p/cd6eb11fbd55,article-constructed,
Medium story (Artie's Journey),AI Fiction & Narrative,2024-08-04,"Artie's Algorithm of Antagonism: The Persistence of ""Mean Girls""",Medium — Artie's Journey,story 14,published,medium.com/@goran.trajkovski/arties-algorithm-of-antagonism-…-5a660c766d02,https://medium.com/p/5a660c766d02,article-constructed,
Medium story (Artie's Journey),AI Fiction & Narrative,2024-08-25,Artie and the Roots of Home: Understanding Human Attachment,Medium — Artie's Journey,story 15,published,medium.com/@goran.trajkovski/artie-and-the-roots-of-home-…-bbd494f246b1,https://medium.com/p/bbd494f246b1,article-constructed,
Medium story (Artie's Journey),AI Fiction & Narrative,2024-09-17,Artie's Insight: The Unexpected Bonds of Shared Struggle,Medium — Artie's Journey,story 16,published,medium.com/@goran.trajkovski/arties-insight-…-09995231774a,https://medium.com/p/09995231774a,article-constructed,
Substack post,Workplace & Organizational Dynamics,2026-03-26,The Pre-Meeting Meeting,Substack (workplace-patterns),seq 1,published,gorantrajkovski731014.substack.com/publish/posts/detail/192250336,https://gorantrajkovski731014.substack.com/publish/posts/detail/192250336,admin-only,
Substack post,Workplace & Organizational Dynamics,2026-04-01,The Last-Day Economy,Substack (workplace-patterns),seq 2,published,gorantrajkovski731014.substack.com/publish/posts/detail/192546354,https://gorantrajkovski731014.substack.com/publish/posts/detail/192546354,admin-only,
Substack post,Workplace & Organizational Dynamics,2026-04-08,Progress Theater,Substack (workplace-patterns),seq 3,published,gorantrajkovski731014.substack.com/publish/posts/detail/192976793,https://gorantrajkovski731014.substack.com/publish/posts/detail/192976793,admin-only,
Substack post,AI in Education & Assessment; Workplace & Organizational Dynamics,2026-04-15,Scaffolding Without a Building,Substack (workplace-patterns),seq 4,published,gorantrajkovski731014.substack.com/publish/posts/detail/193728056,https://gorantrajkovski731014.substack.com/publish/posts/detail/193728056,admin-only,
Substack post,Workplace & Organizational Dynamics,2026-04-22,The Hourly Ledger,Substack (workplace-patterns),seq 5,published,gorantrajkovski731014.substack.com/publish/posts/detail/193764850,https://gorantrajkovski731014.substack.com/publish/posts/detail/193764850,admin-only,
Substack post,AI in Education & Assessment; Workplace & Organizational Dynamics,2026-04-30,The Exit Tutorial,Substack (workplace-patterns),seq 6,published,gorantrajkovski731014.substack.com/publish/posts/detail/193766113,https://gorantrajkovski731014.substack.com/publish/posts/detail/193766113,admin-only,
Substack post,Workplace & Organizational Dynamics,2026-05-07,The Gratitude Tax,Substack (workplace-patterns),seq 7,published,gorantrajkovski731014.substack.com/publish/posts/detail/193770371,https://gorantrajkovski731014.substack.com/publish/posts/detail/193770371,admin-only,
Substack post,Workplace & Organizational Dynamics,2026-05-14,The Friday Drop,Substack (workplace-patterns),seq 8,published,gorantrajkovski731014.substack.com/publish/posts/detail/193772611,https://gorantrajkovski731014.substack.com/publish/posts/detail/193772611,admin-only,
Substack post,Workplace & Organizational Dynamics,2026-05-21,The Proven Penalty,Substack (workplace-patterns),seq 9,published,gorantrajkovski731014.substack.com/publish/posts/detail/197023946,https://gorantrajkovski731014.substack.com/publish/posts/detail/197023946,admin-only,
Substack post,Workplace & Organizational Dynamics,2026-05-28,The Mirror Hire,Substack (workplace-patterns),seq 10,published,gorantrajkovski731014.substack.com/publish/posts/detail/193777831,https://gorantrajkovski731014.substack.com/publish/posts/detail/193777831,admin-only,
Substack post,Workplace & Organizational Dynamics,2026-06-04,The Loyalty Discount,Substack (workplace-patterns),seq 11,published,gorantrajkovski731014.substack.com/publish/posts/detail/197024160,https://gorantrajkovski731014.substack.com/publish/posts/detail/197024160,admin-only,
Substack post,Workplace & Organizational Dynamics,2026-06-11,The Survivor Tax,Substack (workplace-patterns),seq 12,published,gorantrajkovski731014.substack.com/publish/posts/detail/197024203,https://gorantrajkovski731014.substack.com/publish/posts/detail/197024203,admin-only,
Substack post,Workplace & Organizational Dynamics,2026-06-18,The Feedback Mirage,Substack (workplace-patterns),seq 13,published,gorantrajkovski731014.substack.com/publish/posts/detail/201765204,https://gorantrajkovski731014.substack.com/publish/posts/detail/201765204,admin-only,
Substack post,Workplace & Organizational Dynamics,2026-06-25,The Urgency Default,Substack (workplace-patterns),seq 14,published,gorantrajkovski731014.substack.com/publish/posts/detail/201766268,https://gorantrajkovski731014.substack.com/publish/posts/detail/201766268,admin-only,
Substack post,Workplace & Organizational Dynamics,2026-07-02,The Rating Lottery,Substack (workplace-patterns),seq 15,published,gorantrajkovski731014.substack.com/publish/posts/detail/201767839,https://gorantrajkovski731014.substack.com/publish/posts/detail/201767839,admin-only,
Substack post,Workplace & Organizational Dynamics,2026-07-09,The Availability Creep,Substack (workplace-patterns),seq 16,published,gorantrajkovski731014.substack.com/publish/posts/detail/201770620,https://gorantrajkovski731014.substack.com/publish/posts/detail/201770620,admin-only,
Substack post,Workplace & Organizational Dynamics,2026-07-16,The Vacation Debt,Substack (workplace-patterns),seq 17,scheduled,gorantrajkovski731014.substack.com/publish/post/201774245,https://gorantrajkovski731014.substack.com/publish/post/201774245,admin-only,
Substack post,Workplace & Organizational Dynamics,2026-07-23,The Calendar Tax,Substack (workplace-patterns),seq 18,scheduled,gorantrajkovski731014.substack.com/publish/post/201775241,https://gorantrajkovski731014.substack.com/publish/post/201775241,admin-only,
Substack post,Workplace & Organizational Dynamics,2026-07-30,The Reorg Reflex,Substack (workplace-patterns),seq 19,scheduled,gorantrajkovski731014.substack.com/publish/post/201776041,https://gorantrajkovski731014.substack.com/publish/post/201776041,admin-only,
Substack post,Workplace & Organizational Dynamics,2026-08-06,The Promotion Audition,Substack (workplace-patterns),seq 20,scheduled,gorantrajkovski731014.substack.com/publish/post/201777985,https://gorantrajkovski731014.substack.com/publish/post/201777985,admin-only,
Substack post,Workplace & Organizational Dynamics,2026-08-13,The Airtime Dividend,Substack (workplace-patterns),seq 21,scheduled,gorantrajkovski731014.substack.com/publish/post/201779333,https://gorantrajkovski731014.substack.com/publish/post/201779333,admin-only,
Substack post,Workplace & Organizational Dynamics,2026-08-20,The Potential Premium,Substack (workplace-patterns),seq 22,scheduled,gorantrajkovski731014.substack.com/publish/post/201827012,https://gorantrajkovski731014.substack.com/publish/post/201827012,admin-only,
Substack post,Workplace & Organizational Dynamics,2026-08-27,The Visibility Shift,Substack (workplace-patterns),seq 23,scheduled,gorantrajkovski731014.substack.com/publish/post/201827448,https://gorantrajkovski731014.substack.com/publish/post/201827448,admin-only,
Substack post,Workplace & Organizational Dynamics,2026-09-03,The One-Way Contract,Substack (workplace-patterns),seq 24,scheduled,gorantrajkovski731014.substack.com/publish/post/201912394,https://gorantrajkovski731014.substack.com/publish/post/201912394,admin-only,
Substack post,Workplace & Organizational Dynamics,2026-06-12,The Potential Premium,Substack (workplace-patterns),draft,draft,gorantrajkovski731014.substack.com/publish/post/201788787,https://gorantrajkovski731014.substack.com/publish/post/201788787,admin-only,
